ID,Date,Consent,Team_Name,Selected_Language,Consent_Time_X_axis,Age_X_axis,Companionship_X_axis,Question_Time_X_axis,Consent_Time_Y_axis,Age_Y_axis,Companionship_Y_axis,Question_Time_Y_axis,StartTime,ClosingTime,Completed,TerminationType,LevelSEQ,Track_ID,Difficulty_Level,Track_StartTime,Track_ClosingTime,TrackTime,Mistake,Track_Completed,InterfaceMode_Time,InterfaceMode_Mode,Points_X,Points_Y,Points_Time,Points_Status
20250615-0000,20250615,True,CUF 00,0,11:12:58:405,52,0,11:13:21:963,11:13:01:042,10,0,11:13:18:093,10:21:01:581,11:32:32:662,True,2,123,,,,,,,,,
20250615-0000,20250615,True,CUF 00,0,11:12:58:405,52,0,11:13:21:963,11:13:01:042,10,0,11:13:18:093,10:21:01:581,11:32:32:662,True,2,123,1,0,11:13:34:242,11:14:29:046,54804,True,False,,,,,,
20250615-0000,20250615,True,CUF 00,0,11:12:58:405,52,0,11:13:21:963,11:13:01:042,10,0,11:13:18:093,10:21:01:581,11:32:32:662,True,2,123,1,0,11:14:35:686,11:15:35:613,59926,False,True,,,,,,
20250615-0000,20250615,True,CUF 00,0,11:12:58:405,52,0,11:13:21:963,11:13:01:042,10,0,11:13:18:093,10:21:01:581,11:32:32:662,True,2,123,9,1,11:15:47:324,11:16:55:125,67801,True,False,,,,,,
20250615-0000,20250615,True,CUF 00,0,11:12:58:405,52,0,11:13:21:963,11:13:01:042,10,0,11:13:18:093,10:21:01:581,11:32:32:662,True,2,123,9,1,11:17:04:151,11:17:48:196,44043,False,True,,,,,,
20250615-0000,20250615,True,CUF 00,0,11:12:58:405,52,0,11:13:21:963,11:13:01:042,10,0,11:13:18:093,10:21:01:581,11:32:32:662,True,2,123,10,2,11:17:58:638,11:18:33:175,34534,False,True,,,,,,
20250615-0000,20250615,True,CUF 00,0,11:12:58:405,52,0,11:13:21:963,11:13:01:042,10,0,11:13:18:093,10:21:01:581,11:32:32:662,True,2,123,12,3,11:18:55:029,11:21:31:235,156205,False,True,,,,,,
20250615-0000,20250615,True,CUF 00,0,11:12:58:405,52,0,11:13:21:963,11:13:01:042,10,0,11:13:18:093,10:21:01:581,11:32:32:662,True,2,123,13,3,11:21:48:318,11:25:33:177,224857,False,True,,,,,,
20250615-0000,20250615,True,CUF 00,0,11:12:58:405,52,0,11:13:21:963,11:13:01:042,10,0,11:13:18:093,10:21:01:581,11:32:32:662,True,2,123,11,2,11:25:48:608,11:26:18:087,29479,True,False,,,,,,
20250615-0000,20250615,True,CUF 00,0,11:12:58:405,52,0,11:13:21:963,11:13:01:042,10,0,11:13:18:093,10:21:01:581,11:32:32:662,True,2,123,11,2,11:26:28:565,11:28:16:273,107707,False,True,,,,,,
20250615-0000,20250615,True,CUF 00,0,11:12:58:405,52,0,11:13:21:963,11:13:01:042,10,0,11:13:18:093,10:21:01:581,11:32:32:662,True,2,123,8,1,11:28:47:453,11:29:13:529,26075,False,True,,,,,,
20250615-0000,20250615,True,CUF 00,0,11:12:58:405,52,0,11:13:21:963,11:13:01:042,10,0,11:13:18:093,10:21:01:581,11:32:32:662,True,2,123,3,0,11:29:26:325,11:29:55:839,29512,False,True,,,,,,
20250615-0000,20250615,True,CUF 00,0,11:12:58:405,52,0,11:13:21:963,11:13:01:042,10,0,11:13:18:093,10:21:01:581,11:32:32:662,True,2,123,8,1,11:30:09:769,11:30:35:261,25492,False,True,,,,,,
20250615-0000,20250615,True,CUF 00,0,11:12:58:405,52,0,11:13:21:963,11:13:01:042,10,0,11:13:18:093,10:21:01:581,11:32:32:662,True,2,123,12,3,11:30:47:306,11:32:11:724,84417,False,True,,,,,,
20250615-0001,20250615,True,CUF 01,0,11:44:38:319,27,2,11:44:52:166,11:44:45:058,10,2,11:44:52:566,11:44:38:319,11:50:05:413,False,2,123,,,,,,,,,
20250615-0001,20250615,True,CUF 01,0,11:44:38:319,27,2,11:44:52:166,11:44:45:058,10,2,11:44:52:566,11:44:38:319,11:50:05:413,False,2,123,7,0,11:44:59:523,11:45:48:540,49015,False,True,,,,,,
20250615-0001,20250615,True,CUF 01,0,11:44:38:319,27,2,11:44:52:166,11:44:45:058,10,2,11:44:52:566,11:44:38:319,11:50:05:413,False,2,123,7,0,11:45:59:800,11:46:14:698,14897,False,True,,,,,,
20250615-0001,20250615,True,CUF 01,0,11:44:38:319,27,2,11:44:52:166,11:44:45:058,10,2,11:44:52:566,11:44:38:319,11:50:05:413,False,2,123,7,0,11:46:28:645,11:46:41:743,13096,False,True,,,,,,
20250615-0001,20250615,True,CUF 01,0,11:44:38:319,27,2,11:44:52:166,11:44:45:058,10,2,11:44:52:566,11:44:38:319,11:50:05:413,False,2,123,9,1,11:46:58:876,11:48:23:077,84200,False,True,,,,,,
20250615-0002,20250615,True,CUF 02,1,12:20:46:650,57,1,12:20:52:373,12:20:20:424,54,1,12:20:27:130,12:20:20:424,12:21:18:783,False,0,123,,,,,,,,,
20250615-0002,20250615,True,CUF 02,1,12:20:46:650,57,1,12:20:52:373,12:20:20:424,54,1,12:20:27:130,12:20:20:424,12:21:18:783,False,0,123,1,0,12:20:59:430,12:21:14:545,15114,True,False,,,,,,
20250615-0003,20250615,True,CUF 03,0,12:21:47:761,32,3,12:21:55:836,12:21:27:809,38,3,12:21:38:352,12:21:27:809,12:25:22:509,False,2,123,,,,,,,,,
20250615-0003,20250615,True,CUF 03,0,12:21:47:761,32,3,12:21:55:836,12:21:27:809,38,3,12:21:38:352,12:21:27:809,12:25:22:509,False,2,123,4,0,12:22:03:860,12:22:30:305,26442,False,True,,,,,,
20250615-0003,20250615,True,CUF 03,0,12:21:47:761,32,3,12:21:55:836,12:21:27:809,38,3,12:21:38:352,12:21:27:809,12:25:22:509,False,2,123,9,1,12:22:38:412,12:23:04:471,26059,True,False,,,,,,
20250615-0003,20250615,True,CUF 03,0,12:21:47:761,32,3,12:21:55:836,12:21:27:809,38,3,12:21:38:352,12:21:27:809,12:25:22:509,False,2,123,9,1,12:23:10:494,12:23:40:141,29646,False,True,,,,,,
20250615-0004,20250615,True,CUF 04,0,12:36:53:482,45,3,12:37:00:305,12:36:34:848,35,0,12:36:42:772,12:36:34:848,12:40:45:865,False,0,123,,,,,,,,,
20250615-0004,20250615,True,CUF 04,0,12:36:53:482,45,3,12:37:00:305,12:36:34:848,35,0,12:36:42:772,12:36:34:848,12:40:45:865,False,0,123,6,0,12:37:07:480,12:37:13:268,5788,True,False,,,,,,
20250615-0004,20250615,True,CUF 04,0,12:36:53:482,45,3,12:37:00:305,12:36:34:848,35,0,12:36:42:772,12:36:34:848,12:40:45:865,False,0,123,6,0,12:37:20:960,12:38:16:332,55371,False,True,,,,,,
20250615-0004,,,,,,,,,,,,,,,,,,6,,,,,,,12:37:37:843,1,,,,
20250615-0004,20250615,True,CUF 04,0,12:36:53:482,45,3,12:37:00:305,12:36:34:848,35,0,12:36:42:772,12:36:34:848,12:40:45:865,False,0,123,8,1,12:38:51:050,12:39:23:683,32632,False,True,,,,,,
20250615-0004,20250615,True,CUF 04,0,12:36:53:482,45,3,12:37:00:305,12:36:34:848,35,0,12:36:42:772,12:36:34:848,12:40:45:865,False,0,123,8,1,12:39:31:974,12:39:41:735,9759,False,True,,,,,,
20250615-0004,20250615,True,CUF 04,0,12:36:53:482,45,3,12:37:00:305,12:36:34:848,35,0,12:36:42:772,12:36:34:848,12:40:45:865,False,0,123,11,2,12:40:07:425,12:40:32:350,24924,True,False,,,,,,
20250615-0004,20250615,True,CUF 04,0,12:36:53:482,45,3,12:37:00:305,12:36:34:848,35,0,12:36:42:772,12:36:34:848,12:40:45:865,False,0,123,11,2,12:40:39:007,12:40:43:478,4471,True,False,,,,,,
20250615-0005,20250615,True,CUF 05,0,12:41:05:084,0,1,12:41:18:130,12:41:04:733,0,0,12:41:18:214,12:40:54:307,12:51:12:356,True,1,123,,,,,,,,,
20250615-0005,20250615,True,CUF 05,0,12:41:05:084,0,1,12:41:18:130,12:41:04:733,0,0,12:41:18:214,12:40:54:307,12:51:12:356,True,1,123,7,0,12:41:25:921,12:41:26:488,567,True,False,,,,,,
20250615-0005,20250615,True,CUF 05,0,12:41:05:084,0,1,12:41:18:130,12:41:04:733,0,0,12:41:18:214,12:40:54:307,12:51:12:356,True,1,123,7,0,12:41:35:898,12:41:37:065,1167,True,False,,,,,,
20250615-0005,20250615,True,CUF 05,0,12:41:05:084,0,1,12:41:18:130,12:41:04:733,0,0,12:41:18:214,12:40:54:307,12:51:12:356,True,1,123,7,0,12:41:43:505,12:41:44:272,767,True,False,,,,,,
20250615-0005,20250615,True,CUF 05,0,12:41:05:084,0,1,12:41:18:130,12:41:04:733,0,0,12:41:18:214,12:40:54:307,12:51:12:356,True,1,123,7,0,12:41:50:228,12:41:52:130,1901,True,False,,,,,,
20250615-0005,20250615,True,CUF 05,0,12:41:05:084,0,1,12:41:18:130,12:41:04:733,0,0,12:41:18:214,12:40:54:307,12:51:12:356,True,1,123,7,0,12:41:58:386,12:42:28:400,30013,False,True,,,,,,
20250615-0005,20250615,True,CUF 05,0,12:41:05:084,0,1,12:41:18:130,12:41:04:733,0,0,12:41:18:214,12:40:54:307,12:51:12:356,True,1,123,9,1,12:42:39:361,12:42:54:142,14781,True,False,,,,,,
20250615-0005,20250615,True,CUF 05,0,12:41:05:084,0,1,12:41:18:130,12:41:04:733,0,0,12:41:18:214,12:40:54:307,12:51:12:356,True,1,123,9,1,12:43:03:268,12:43:46:194,42925,False,True,,,,,,
20250615-0005,20250615,True,CUF 05,0,12:41:05:084,0,1,12:41:18:130,12:41:04:733,0,0,12:41:18:214,12:40:54:307,12:51:12:356,True,1,123,10,2,12:43:55:771,12:44:03:329,7557,False,True,,,,,,
20250615-0005,20250615,True,CUF 05,0,12:41:05:084,0,1,12:41:18:130,12:41:04:733,0,0,12:41:18:214,12:40:54:307,12:51:12:356,True,1,123,10,2,12:44:14:139,12:44:19:362,5221,False,True,,,,,,
20250615-0005,20250615,True,CUF 05,0,12:41:05:084,0,1,12:41:18:130,12:41:04:733,0,0,12:41:18:214,12:40:54:307,12:51:12:356,True,1,123,10,2,12:44:38:029,12:44:44:069,6039,False,True,,,,,,
20250615-0005,20250615,True,CUF 05,0,12:41:05:084,0,1,12:41:18:130,12:41:04:733,0,0,12:41:18:214,12:40:54:307,12:51:12:356,True,1,123,10,2,12:45:14:015,12:45:18:386,4371,True,False,,,,,,
20250615-0005,20250615,True,CUF 05,0,12:41:05:084,0,1,12:41:18:130,12:41:04:733,0,0,12:41:18:214,12:40:54:307,12:51:12:356,True,1,123,10,2,12:45:26:828,12:45:32:351,5522,False,True,,,,,,
20250615-0005,20250615,True,CUF 05,0,12:41:05:084,0,1,12:41:18:130,12:41:04:733,0,0,12:41:18:214,12:40:54:307,12:51:12:356,True,1,123,10,2,12:45:45:331,12:45:50:168,4837,False,True,,,,,,
20250615-0005,20250615,True,CUF 05,0,12:41:05:084,0,1,12:41:18:130,12:41:04:733,0,0,12:41:18:214,12:40:54:307,12:51:12:356,True,1,123,10,2,12:46:00:378,12:46:05:450,5071,False,True,,,,,,
20250615-0005,20250615,True,CUF 05,0,12:41:05:084,0,1,12:41:18:130,12:41:04:733,0,0,12:41:18:214,12:40:54:307,12:51:12:356,True,1,123,10,2,12:46:15:878,12:46:18:813,2936,True,False,,,,,,
20250615-0005,20250615,True,CUF 05,0,12:41:05:084,0,1,12:41:18:130,12:41:04:733,0,0,12:41:18:214,12:40:54:307,12:51:12:356,True,1,123,10,2,12:46:23:751,12:46:28:491,4738,False,True,,,,,,
20250615-0005,20250615,True,CUF 05,0,12:41:05:084,0,1,12:41:18:130,12:41:04:733,0,0,12:41:18:214,12:40:54:307,12:51:12:356,True,1,123,10,2,12:46:33:778,12:46:38:767,4988,False,True,,,,,,
20250615-0005,20250615,True,CUF 05,0,12:41:05:084,0,1,12:41:18:130,12:41:04:733,0,0,12:41:18:214,12:40:54:307,12:51:12:356,True,1,123,10,2,12:46:44:889,12:46:49:077,4187,False,True,,,,,,
20250615-0005,20250615,True,CUF 05,0,12:41:05:084,0,1,12:41:18:130,12:41:04:733,0,0,12:41:18:214,12:40:54:307,12:51:12:356,True,1,123,10,2,12:46:56:034,12:47:00:255,4220,False,True,,,,,,
20250615-0005,20250615,True,CUF 05,0,12:41:05:084,0,1,12:41:18:130,12:41:04:733,0,0,12:41:18:214,12:40:54:307,12:51:12:356,True,1,123,10,2,12:47:06:362,12:47:11:266,4904,False,True,,,,,,
20250615-0005,20250615,True,CUF 05,0,12:41:05:084,0,1,12:41:18:130,12:41:04:733,0,0,12:41:18:214,12:40:54:307,12:51:12:356,True,1,123,10,2,12:47:17:972,12:47:22:962,4988,False,True,,,,,,
20250615-0005,20250615,True,CUF 05,0,12:41:05:084,0,1,12:41:18:130,12:41:04:733,0,0,12:41:18:214,12:40:54:307,12:51:12:356,True,1,123,10,2,12:47:33:021,12:47:37:541,4520,False,True,,,,,,
20250615-0005,20250615,True,CUF 05,0,12:41:05:084,0,1,12:41:18:130,12:41:04:733,0,0,12:41:18:214,12:40:54:307,12:51:12:356,True,1,123,10,2,12:47:42:464,12:47:47:469,5004,True,False,,,,,,
20250615-0005,20250615,True,CUF 05,0,12:41:05:084,0,1,12:41:18:130,12:41:04:733,0,0,12:41:18:214,12:40:54:307,12:51:12:356,True,1,123,10,2,12:47:52:441,12:48:04:870,12428,True,False,,,,,,
20250615-0005,20250615,True,CUF 05,0,12:41:05:084,0,1,12:41:18:130,12:41:04:733,0,0,12:41:18:214,12:40:54:307,12:51:12:356,True,1,123,10,2,12:48:26:040,12:48:31:431,5388,False,True,,,,,,
20250615-0005,20250615,True,CUF 05,0,12:41:05:084,0,1,12:41:18:130,12:41:04:733,0,0,12:41:18:214,12:40:54:307,12:51:12:356,True,1,123,10,2,12:48:36:751,12:48:41:858,5104,False,True,,,,,,
20250615-0005,20250615,True,CUF 05,0,12:41:05:084,0,1,12:41:18:130,12:41:04:733,0,0,12:41:18:214,12:40:54:307,12:51:12:356,True,1,123,10,2,12:48:46:644,12:48:51:533,4888,False,True,,,,,,
20250615-0005,20250615,True,CUF 05,0,12:41:05:084,0,1,12:41:18:130,12:41:04:733,0,0,12:41:18:214,12:40:54:307,12:51:12:356,True,1,123,10,2,12:48:56:388,12:49:01:159,4771,False,True,,,,,,
20250615-0005,20250615,True,CUF 05,0,12:41:05:084,0,1,12:41:18:130,12:41:04:733,0,0,12:41:18:214,12:40:54:307,12:51:12:356,True,1,123,10,2,12:49:06:063,12:49:10:485,4421,False,True,,,,,,
20250615-0005,20250615,True,CUF 05,0,12:41:05:084,0,1,12:41:18:130,12:41:04:733,0,0,12:41:18:214,12:40:54:307,12:51:12:356,True,1,123,10,2,12:49:15:807,12:49:38:063,22255,False,True,,,,,,
20250615-0005,20250615,True,CUF 05,0,12:41:05:084,0,1,12:41:18:130,12:41:04:733,0,0,12:41:18:214,12:40:54:307,12:51:12:356,True,1,123,8,1,12:49:49:240,12:50:08:943,19702,False,True,,,,,,
20250615-0005,20250615,True,CUF 05,0,12:41:05:084,0,1,12:41:18:130,12:41:04:733,0,0,12:41:18:214,12:40:54:307,12:51:12:356,True,1,123,8,1,12:50:15:784,12:50:27:378,11595,False,True,,,,,,
20250615-0005,20250615,True,CUF 05,0,12:41:05:084,0,1,12:41:18:130,12:41:04:733,0,0,12:41:18:214,12:40:54:307,12:51:12:356,True,1,123,2,0,12:50:36:654,12:50:41:359,4704,True,False,,,,,,
20250615-0005,20250615,True,CUF 05,0,12:41:05:084,0,1,12:41:18:130,12:41:04:733,0,0,12:41:18:214,12:40:54:307,12:51:12:356,True,1,123,2,0,12:50:47:765,12:50:49:234,1467,True,False,,,,,,
20250615-0005,20250615,True,CUF 05,0,12:41:05:084,0,1,12:41:18:130,12:41:04:733,0,0,12:41:18:214,12:40:54:307,12:51:12:356,True,1,123,2,0,12:50:53:871,12:50:54:872,1001,True,False,,,,,,
20250615-0005,20250615,True,CUF 05,0,12:41:05:084,0,1,12:41:18:130,12:41:04:733,0,0,12:41:18:214,12:40:54:307,12:51:12:356,True,1,123,2,0,12:51:00:427,12:51:01:512,1084,True,False,,,,,,
20250615-0005,20250615,True,CUF 05,0,12:41:05:084,0,1,12:41:18:130,12:41:04:733,0,0,12:41:18:214,12:40:54:307,12:51:12:356,True,1,123,2,0,12:51:06:000,12:51:08:136,2135,True,False,,,,,,
20250615-0006,20250615,True,CUF 06,0,13:11:13:056,41,0,13:11:42:468,13:11:11:454,9,0,13:11:43:836,13:11:11:454,13:46:50:256,True,0,123,,,,,,,,,
20250615-0006,20250615,True,CUF 06,0,13:11:13:056,41,0,13:11:42:468,13:11:11:454,9,0,13:11:43:836,13:11:11:454,13:46:50:256,True,0,123,1,0,13:11:51:627,13:14:32:638,161010,False,True,,,,,,
20250615-0006,20250615,True,CUF 06,0,13:11:13:056,41,0,13:11:42:468,13:11:11:454,9,0,13:11:43:836,13:11:11:454,13:46:50:256,True,0,123,8,1,13:14:47:152,13:16:12:738,85585,False,True,,,,,,
20250615-0006,20250615,True,CUF 06,0,13:11:13:056,41,0,13:11:42:468,13:11:11:454,9,0,13:11:43:836,13:11:11:454,13:46:50:256,True,0,123,10,2,13:16:23:181,13:17:35:821,72639,False,True,,,,,,
20250615-0006,20250615,True,CUF 06,0,13:11:13:056,41,0,13:11:42:468,13:11:11:454,9,0,13:11:43:836,13:11:11:454,13:46:50:256,True,0,123,12,3,13:17:47:449,13:19:49:787,122338,False,True,,,,,,
20250615-0006,20250615,True,CUF 06,0,13:11:13:056,41,0,13:11:42:468,13:11:11:454,9,0,13:11:43:836,13:11:11:454,13:46:50:256,True,0,123,13,3,13:20:03:634,13:24:24:195,260559,False,True,,,,,,
20250615-0006,20250615,True,CUF 06,0,13:11:13:056,41,0,13:11:42:468,13:11:11:454,9,0,13:11:43:836,13:11:11:454,13:46:50:256,True,0,123,13,3,13:24:34:088,13:25:39:937,65848,True,False,,,,,,
20250615-0006,20250615,True,CUF 06,0,13:11:13:056,41,0,13:11:42:468,13:11:11:454,9,0,13:11:43:836,13:11:11:454,13:46:50:256,True,0,123,12,3,13:26:01:959,13:27:24:159,82198,False,True,,,,,,
20250615-0006,20250615,True,CUF 06,0,13:11:13:056,41,0,13:11:42:468,13:11:11:454,9,0,13:11:43:836,13:11:11:454,13:46:50:256,True,0,123,13,3,13:27:35:069,13:31:15:573,220503,False,True,,,,,,
20250615-0006,20250615,True,CUF 06,0,13:11:13:056,41,0,13:11:42:468,13:11:11:454,9,0,13:11:43:836,13:11:11:454,13:46:50:256,True,0,123,9,1,13:31:44:818,13:32:58:641,73823,False,True,,,,,,
20250615-0006,20250615,True,CUF 06,0,13:11:13:056,41,0,13:11:42:468,13:11:11:454,9,0,13:11:43:836,13:11:11:454,13:46:50:256,True,0,123,7,0,13:33:30:073,13:34:25:929,55855,False,True,,,,,,
20250615-0006,20250615,True,CUF 06,0,13:11:13:056,41,0,13:11:42:468,13:11:11:454,9,0,13:11:43:836,13:11:11:454,13:46:50:256,True,0,123,10,2,13:34:53:908,13:35:43:273,49365,False,True,,,,,,
20250615-0006,20250615,True,CUF 06,0,13:11:13:056,41,0,13:11:42:468,13:11:11:454,9,0,13:11:43:836,13:11:11:454,13:46:50:256,True,0,123,9,1,13:36:07:029,13:37:29:062,82031,False,True,,,,,,
20250615-0006,20250615,True,CUF 06,0,13:11:13:056,41,0,13:11:42:468,13:11:11:454,9,0,13:11:43:836,13:11:11:454,13:46:50:256,True,0,123,3,0,13:38:22:014,13:39:01:421,39405,False,True,,,,,,
20250615-0006,20250615,True,CUF 06,0,13:11:13:056,41,0,13:11:42:468,13:11:11:454,9,0,13:11:43:836,13:11:11:454,13:46:50:256,True,0,123,11,2,13:39:19:506,13:41:15:805,116299,False,True,,,,,,
20250615-0006,20250615,True,CUF 06,0,13:11:13:056,41,0,13:11:42:468,13:11:11:454,9,0,13:11:43:836,13:11:11:454,13:46:50:256,True,0,123,12,3,13:41:38:027,13:43:45:188,127159,False,True,,,,,,
20250615-0006,20250615,True,CUF 06,0,13:11:13:056,41,0,13:11:42:468,13:11:11:454,9,0,13:11:43:836,13:11:11:454,13:46:50:256,True,0,123,12,3,13:44:02:187,13:45:57:970,115782,False,True,,,,,,
20250615-0006,20250615,True,CUF 06,0,13:11:13:056,41,0,13:11:42:468,13:11:11:454,9,0,13:11:43:836,13:11:11:454,13:46:50:256,True,0,123,8,1,13:46:13:819,13:46:46:301,32482,False,True,,,,,,
20250615-0007,20250615,True,CUF 07,0,14:11:07:378,2,2,14:11:14:536,14:10:34:115,100,2,14:10:45:489,14:10:34:115,14:16:10:515,False,2,123,,,,,,,,,
20250615-0007,20250615,True,CUF 07,0,14:11:07:378,2,2,14:11:14:536,14:10:34:115,100,2,14:10:45:489,14:10:34:115,14:16:10:515,False,2,123,6,0,14:11:22:259,14:11:50:088,27827,False,True,,,,,,
20250615-0007,20250615,True,CUF 07,0,14:11:07:378,2,2,14:11:14:536,14:10:34:115,100,2,14:10:45:489,14:10:34:115,14:16:10:515,False,2,123,9,1,14:12:00:848,14:13:43:935,103086,False,True,,,,,,
20250615-0008,20250615,True,CUF 08,0,14:17:07:488,43,0,14:17:20:885,14:17:04:085,12,0,14:17:22:203,14:17:04:085,14:26:34:673,False,2,123,,,,,,,,,
20250615-0008,20250615,True,CUF 08,0,14:17:07:488,43,0,14:17:20:885,14:17:04:085,12,0,14:17:22:203,14:17:04:085,14:26:34:673,False,2,123,3,0,14:17:29:626,14:17:32:713,3086,True,False,,,,,,
20250615-0008,20250615,True,CUF 08,0,14:17:07:488,43,0,14:17:20:885,14:17:04:085,12,0,14:17:22:203,14:17:04:085,14:26:34:673,False,2,123,3,0,14:17:38:686,14:18:16:892,38204,False,True,,,,,,
20250615-0008,20250615,True,CUF 08,0,14:17:07:488,43,0,14:17:20:885,14:17:04:085,12,0,14:17:22:203,14:17:04:085,14:26:34:673,False,2,123,3,0,14:18:24:798,14:18:42:666,17867,False,True,,,,,,
20250615-0008,20250615,True,CUF 08,0,14:17:07:488,43,0,14:17:20:885,14:17:04:085,12,0,14:17:22:203,14:17:04:085,14:26:34:673,False,2,123,9,1,14:18:50:308,14:19:14:432,24123,True,False,,,,,,
20250615-0008,20250615,True,CUF 08,0,14:17:07:488,43,0,14:17:20:885,14:17:04:085,12,0,14:17:22:203,14:17:04:085,14:26:34:673,False,2,123,9,1,14:19:21:973,14:20:02:914,40940,False,True,,,,,,
20250615-0008,20250615,True,CUF 08,0,14:17:07:488,43,0,14:17:20:885,14:17:04:085,12,0,14:17:22:203,14:17:04:085,14:26:34:673,False,2,123,11,2,14:20:10:238,14:20:21:665,11428,True,False,,,,,,
20250615-0008,20250615,True,CUF 08,0,14:17:07:488,43,0,14:17:20:885,14:17:04:085,12,0,14:17:22:203,14:17:04:085,14:26:34:673,False,2,123,11,2,14:20:26:854,14:20:36:530,9676,True,False,,,,,,
20250615-0008,20250615,True,CUF 08,0,14:17:07:488,43,0,14:17:20:885,14:17:04:085,12,0,14:17:22:203,14:17:04:085,14:26:34:673,False,2,123,11,2,14:21:08:079,14:21:31:103,23022,True,False,,,,,,
20250615-0008,20250615,True,CUF 08,0,14:17:07:488,43,0,14:17:20:885,14:17:04:085,12,0,14:17:22:203,14:17:04:085,14:26:34:673,False,2,123,11,2,14:21:37:157,14:21:56:528,19369,True,False,,,,,,
20250615-0008,20250615,True,CUF 08,0,14:17:07:488,43,0,14:17:20:885,14:17:04:085,12,0,14:17:22:203,14:17:04:085,14:26:34:673,False,2,123,11,2,14:22:02:566,14:22:18:332,15765,True,False,,,,,,
20250615-0008,20250615,True,CUF 08,0,14:17:07:488,43,0,14:17:20:885,14:17:04:085,12,0,14:17:22:203,14:17:04:085,14:26:34:673,False,2,123,11,2,14:22:23:705,14:22:35:016,11311,True,False,,,,,,
20250615-0008,20250615,True,CUF 08,0,14:17:07:488,43,0,14:17:20:885,14:17:04:085,12,0,14:17:22:203,14:17:04:085,14:26:34:673,False,2,123,11,2,14:22:40:989,14:22:56:972,15982,True,False,,,,,,
20250615-0008,20250615,True,CUF 08,0,14:17:07:488,43,0,14:17:20:885,14:17:04:085,12,0,14:17:22:203,14:17:04:085,14:26:34:673,False,2,123,11,2,14:23:02:176,14:23:04:930,2752,True,False,,,,,,
20250615-0008,20250615,True,CUF 08,0,14:17:07:488,43,0,14:17:20:885,14:17:04:085,12,0,14:17:22:203,14:17:04:085,14:26:34:673,False,2,123,11,2,14:23:11:369,14:24:04:339,52969,True,False,,,,,,
20250615-0008,20250615,True,CUF 08,0,14:17:07:488,43,0,14:17:20:885,14:17:04:085,12,0,14:17:22:203,14:17:04:085,14:26:34:673,False,2,123,11,2,14:24:10:862,14:24:46:565,35702,True,False,,,,,,
20250615-0008,20250615,True,CUF 08,0,14:17:07:488,43,0,14:17:20:885,14:17:04:085,12,0,14:17:22:203,14:17:04:085,14:26:34:673,False,2,123,11,2,14:24:55:574,,0,False,False,,,,,,
20250615-0009,20250615,True,CUF 09,0,14:27:59:992,30,0,14:28:13:871,14:28:00:208,31,0,14:28:12:337,14:27:59:992,14:31:07:112,True,0,123,,,,,,,,,
20250615-0009,20250615,True,CUF 09,0,14:27:59:992,30,0,14:28:13:871,14:28:00:208,31,0,14:28:12:337,14:27:59:992,14:31:07:112,True,0,123,7,0,14:28:23:064,14:28:48:372,25308,True,False,,,,,,
20250615-0009,20250615,True,CUF 09,0,14:27:59:992,30,0,14:28:13:871,14:28:00:208,31,0,14:28:12:337,14:27:59:992,14:31:07:112,True,0,123,7,0,14:28:54:579,14:29:22:124,27544,False,True,,,,,,
20250615-0009,20250615,True,CUF 09,0,14:27:59:992,30,0,14:28:13:871,14:28:00:208,31,0,14:28:12:337,14:27:59:992,14:31:07:112,True,0,123,8,1,14:29:32:967,14:30:14:326,41358,False,True,,,,,,
20250615-0009,20250615,True,CUF 09,0,14:27:59:992,30,0,14:28:13:871,14:28:00:208,31,0,14:28:12:337,14:27:59:992,14:31:07:112,True,0,123,10,2,14:30:23:918,14:30:42:621,18701,True,False,,,,,,
20250615-0009,20250615,True,CUF 09,0,14:27:59:992,30,0,14:28:13:871,14:28:00:208,31,0,14:28:12:337,14:27:59:992,14:31:07:112,True,0,123,10,2,14:30:48:360,14:31:01:491,13129,False,True,,,,,,
20250615-0010,20250615,True,CUF 10,0,14:31:41:146,35,0,14:31:49:003,14:31:46:901,5,0,14:32:02:800,14:31:41:146,14:39:26:178,False,0,123,,,,,,,,,
20250615-0010,20250615,True,CUF 10,0,14:31:41:146,35,0,14:31:49:003,14:31:46:901,5,0,14:32:02:800,14:31:41:146,14:39:26:178,False,0,123,6,0,14:32:09:807,14:32:33:148,23339,True,False,,,,,,
20250615-0010,20250615,True,CUF 10,0,14:31:41:146,35,0,14:31:49:003,14:31:46:901,5,0,14:32:02:800,14:31:41:146,14:39:26:178,False,0,123,6,0,14:32:40:205,14:32:42:340,2135,True,False,,,,,,
20250615-0010,20250615,True,CUF 10,0,14:31:41:146,35,0,14:31:49:003,14:31:46:901,5,0,14:32:02:800,14:31:41:146,14:39:26:178,False,0,123,6,0,14:33:01:926,14:33:02:761,834,True,False,,,,,,
20250615-0010,20250615,True,CUF 10,0,14:31:41:146,35,0,14:31:49:003,14:31:46:901,5,0,14:32:02:800,14:31:41:146,14:39:26:178,False,0,123,6,0,14:33:09:100,14:33:15:240,6139,True,False,,,,,,
20250615-0010,20250615,True,CUF 10,0,14:31:41:146,35,0,14:31:49:003,14:31:46:901,5,0,14:32:02:800,14:31:41:146,14:39:26:178,False,0,123,6,0,14:33:24:349,14:34:22:156,57807,False,True,,,,,,
20250615-0010,20250615,True,CUF 10,0,14:31:41:146,35,0,14:31:49:003,14:31:46:901,5,0,14:32:02:800,14:31:41:146,14:39:26:178,False,0,123,6,0,14:34:28:529,14:35:00:729,32198,False,True,,,,,,
20250615-0010,20250615,True,CUF 10,0,14:31:41:146,35,0,14:31:49:003,14:31:46:901,5,0,14:32:02:800,14:31:41:146,14:39:26:178,False,0,123,6,0,14:35:11:756,14:35:25:688,13930,False,True,,,,,,
20250615-0010,20250615,True,CUF 10,0,14:31:41:146,35,0,14:31:49:003,14:31:46:901,5,0,14:32:02:800,14:31:41:146,14:39:26:178,False,0,123,6,0,14:35:39:551,14:35:58:419,18868,False,True,,,,,,
20250615-0010,20250615,True,CUF 10,0,14:31:41:146,35,0,14:31:49:003,14:31:46:901,5,0,14:32:02:800,14:31:41:146,14:39:26:178,False,0,123,6,0,14:36:04:643,14:36:16:372,11728,False,True,,,,,,
20250615-0010,20250615,True,CUF 10,0,14:31:41:146,35,0,14:31:49:003,14:31:46:901,5,0,14:32:02:800,14:31:41:146,14:39:26:178,False,0,123,6,0,14:36:24:629,14:36:28:499,3870,False,True,,,,,,
20250615-0010,20250615,True,CUF 10,0,14:31:41:146,35,0,14:31:49:003,14:31:46:901,5,0,14:32:02:800,14:31:41:146,14:39:26:178,False,0,123,6,0,14:36:39:678,14:37:01:400,21721,False,True,,,,,,
20250615-0010,20250615,True,CUF 10,0,14:31:41:146,35,0,14:31:49:003,14:31:46:901,5,0,14:32:02:800,14:31:41:146,14:39:26:178,False,0,123,6,0,14:37:06:738,14:37:20:369,13630,False,True,,,,,,
20250615-0010,20250615,True,CUF 10,0,14:31:41:146,35,0,14:31:49:003,14:31:46:901,5,0,14:32:02:800,14:31:41:146,14:39:26:178,False,0,123,6,0,14:37:25:223,14:37:33:732,8508,False,True,,,,,,
20250615-0010,20250615,True,CUF 10,0,14:31:41:146,35,0,14:31:49:003,14:31:46:901,5,0,14:32:02:800,14:31:41:146,14:39:26:178,False,0,123,6,0,14:37:43:342,14:37:50:332,6990,False,True,,,,,,
20250615-0010,20250615,True,CUF 10,0,14:31:41:146,35,0,14:31:49:003,14:31:46:901,5,0,14:32:02:800,14:31:41:146,14:39:26:178,False,0,123,6,0,14:37:55:587,14:38:03:129,7540,True,False,,,,,,
20250615-0010,20250615,True,CUF 10,0,14:31:41:146,35,0,14:31:49:003,14:31:46:901,5,0,14:32:02:800,14:31:41:146,14:39:26:178,False,0,123,6,0,14:38:07:850,14:38:12:053,4204,False,True,,,,,,
20250615-0010,20250615,True,CUF 10,0,14:31:41:146,35,0,14:31:49:003,14:31:46:901,5,0,14:32:02:800,14:31:41:146,14:39:26:178,False,0,123,6,0,14:38:19:377,14:38:23:866,4487,False,True,,,,,,
20250615-0010,20250615,True,CUF 10,0,14:31:41:146,35,0,14:31:49:003,14:31:46:901,5,0,14:32:02:800,14:31:41:146,14:39:26:178,False,0,123,6,0,14:38:31:890,14:38:34:242,2352,False,True,,,,,,
20250615-0010,20250615,True,CUF 10,0,14:31:41:146,35,0,14:31:49:003,14:31:46:901,5,0,14:32:02:800,14:31:41:146,14:39:26:178,False,0,123,6,0,14:38:44:202,14:38:46:621,2418,False,True,,,,,,
20250615-0010,20250615,True,CUF 10,0,14:31:41:146,35,0,14:31:49:003,14:31:46:901,5,0,14:32:02:800,14:31:41:146,14:39:26:178,False,0,123,9,1,14:39:01:670,14:39:23:709,22038,True,False,,,,,,
20250615-0011,20250615,True,CUF 11,0,14:40:13:775,39,0,14:40:24:486,14:40:31:176,40,1,14:40:36:665,14:40:13:775,14:42:52:301,False,2,123,,,,,,,,,
20250615-0011,20250615,True,CUF 11,0,14:40:13:775,39,0,14:40:24:486,14:40:31:176,40,1,14:40:36:665,14:40:13:775,14:42:52:301,False,2,123,1,0,14:40:44:272,14:41:07:429,23156,True,False,,,,,,
20250615-0011,20250615,True,CUF 11,0,14:40:13:775,39,0,14:40:24:486,14:40:31:176,40,1,14:40:36:665,14:40:13:775,14:42:52:301,False,2,123,1,0,14:41:15:904,14:41:38:511,22605,True,False,,,,,,
20250615-0012,20250615,True,CUF 12,0,14:46:39:211,13,1,14:46:51:006,14:46:39:445,14,1,14:46:52:491,14:46:39:211,14:53:17:194,True,0,123,,,,,,,,,
20250615-0012,20250615,True,CUF 12,0,14:46:39:211,13,1,14:46:51:006,14:46:39:445,14,1,14:46:52:491,14:46:39:211,14:53:17:194,True,0,123,6,0,14:46:59:848,14:47:04:686,4837,True,False,,,,,,
20250615-0012,20250615,True,CUF 12,0,14:46:39:211,13,1,14:46:51:006,14:46:39:445,14,1,14:46:52:491,14:46:39:211,14:53:17:194,True,0,123,6,0,14:47:10:258,14:47:48:213,37954,False,True,,,,,,
20250615-0012,20250615,True,CUF 12,0,14:46:39:211,13,1,14:46:51:006,14:46:39:445,14,1,14:46:52:491,14:46:39:211,14:53:17:194,True,0,123,8,1,14:47:56:855,14:48:59:451,62596,True,False,,,,,,
20250615-0012,20250615,True,CUF 12,0,14:46:39:211,13,1,14:46:51:006,14:46:39:445,14,1,14:46:52:491,14:46:39:211,14:53:17:194,True,0,123,8,1,14:49:06:158,14:49:56:191,50033,False,True,,,,,,
20250615-0012,20250615,True,CUF 12,0,14:46:39:211,13,1,14:46:51:006,14:46:39:445,14,1,14:46:52:491,14:46:39:211,14:53:17:194,True,0,123,11,2,14:50:06:169,14:50:55:918,49749,True,False,,,,,,
20250615-0012,20250615,True,CUF 12,0,14:46:39:211,13,1,14:46:51:006,14:46:39:445,14,1,14:46:52:491,14:46:39:211,14:53:17:194,True,0,123,11,2,14:51:00:823,14:52:17:533,76709,False,True,,,,,,
20250615-0012,20250615,True,CUF 12,0,14:46:39:211,13,1,14:46:51:006,14:46:39:445,14,1,14:46:52:491,14:46:39:211,14:53:17:194,True,0,123,12,3,14:52:28:361,14:53:12:738,44377,False,True,,,,,,
20250615-0013,20250615,True,CUF 13,0,14:59:20:823,41,0,14:59:35:705,14:58:58:934,13,0,14:59:10:112,14:53:45:888,15:03:59:737,True,2,123,,,,,,,,,
20250615-0013,20250615,True,CUF 13,0,14:59:20:823,41,0,14:59:35:705,14:58:58:934,13,0,14:59:10:112,14:53:45:888,15:03:59:737,True,2,123,4,0,14:59:42:328,15:00:25:372,43042,False,True,,,,,,
20250615-0013,20250615,True,CUF 13,0,14:59:20:823,41,0,14:59:35:705,14:58:58:934,13,0,14:59:10:112,14:53:45:888,15:03:59:737,True,2,123,4,0,15:00:41:888,15:00:43:039,1151,True,False,,,,,,
20250615-0013,20250615,True,CUF 13,0,14:59:20:823,41,0,14:59:35:705,14:58:58:934,13,0,14:59:10:112,14:53:45:888,15:03:59:737,True,2,123,4,0,15:00:48:978,15:01:06:713,17734,False,True,,,,,,
20250615-0013,20250615,True,CUF 13,0,14:59:20:823,41,0,14:59:35:705,14:58:58:934,13,0,14:59:10:112,14:53:45:888,15:03:59:737,True,2,123,9,1,15:01:22:578,15:02:51:785,89205,False,True,,,,,,
20250615-0013,20250615,True,CUF 13,0,14:59:20:823,41,0,14:59:35:705,14:58:58:934,13,0,14:59:10:112,14:53:45:888,15:03:59:737,True,2,123,10,2,15:03:10:153,15:03:23:634,13480,False,True,,,,,,
20250615-0013,20250615,True,CUF 13,0,14:59:20:823,41,0,14:59:35:705,14:58:58:934,13,0,14:59:10:112,14:53:45:888,15:03:59:737,True,2,123,10,2,15:03:36:163,15:03:39:365,3203,True,False,,,,,,
20250615-0013,20250615,True,CUF 13,0,14:59:20:823,41,0,14:59:35:705,14:58:58:934,13,0,14:59:10:112,14:53:45:888,15:03:59:737,True,2,123,10,2,15:03:46:138,15:03:51:278,5138,False,True,,,,,,
20250615-0014,20250615,True,CUF 14,1,15:04:22:910,20,3,15:04:38:425,15:04:29:166,18,3,15:04:38:842,15:04:22:910,15:06:08:365,False,1,123,,,,,,,,,
20250615-0014,20250615,True,CUF 14,1,15:04:22:910,20,3,15:04:38:425,15:04:29:166,18,3,15:04:38:842,15:04:22:910,15:06:08:365,False,1,123,7,0,15:04:46:415,15:04:48:067,1651,True,False,,,,,,
20250615-0014,20250615,True,CUF 14,1,15:04:22:910,20,3,15:04:38:425,15:04:29:166,18,3,15:04:38:842,15:04:22:910,15:06:08:365,False,1,123,7,0,15:04:55:174,15:05:19:850,24674,False,True,,,,,,
20250615-0014,20250615,True,CUF 14,1,15:04:22:910,20,3,15:04:38:425,15:04:29:166,18,3,15:04:38:842,15:04:22:910,15:06:08:365,False,1,123,8,1,15:05:34:764,15:06:03:227,28462,False,True,,,,,,
20250615-0015,20250615,True,CUF 15,0,15:06:21:261,21,3,15:06:32:322,15:06:23:947,20,3,15:06:33:323,15:06:21:261,15:09:18:988,True,0,123,,,,,,,,,
20250615-0015,20250615,True,CUF 15,0,15:06:21:261,21,3,15:06:32:322,15:06:23:947,20,3,15:06:33:323,15:06:21:261,15:09:18:988,True,0,123,1,0,15:06:40:763,15:07:04:488,23723,False,True,,,,,,
20250615-0015,20250615,True,CUF 15,0,15:06:21:261,21,3,15:06:32:322,15:06:23:947,20,3,15:06:33:323,15:06:21:261,15:09:18:988,True,0,123,9,1,15:07:15:581,15:07:49:165,33583,False,True,,,,,,
20250615-0015,20250615,True,CUF 15,0,15:06:21:261,21,3,15:06:32:322,15:06:23:947,20,3,15:06:33:323,15:06:21:261,15:09:18:988,True,0,123,11,2,15:08:03:013,15:08:09:035,6022,True,False,,,,,,
20250615-0015,20250615,True,CUF 15,0,15:06:21:261,21,3,15:06:32:322,15:06:23:947,20,3,15:06:33:323,15:06:21:261,15:09:18:988,True,0,123,11,2,15:08:18:761,15:09:11:082,52319,False,True,,,,,,
20250615-0016,20250615,True,CUF 16,0,15:10:41:404,46,0,15:10:51:532,15:10:38:352,8,0,15:10:52:132,15:10:38:352,15:22:08:009,True,1,123,,,,,,,,,
20250615-0016,20250615,True,CUF 16,0,15:10:41:404,46,0,15:10:51:532,15:10:38:352,8,0,15:10:52:132,15:10:38:352,15:22:08:009,True,1,123,4,0,15:10:59:522,15:11:39:296,39773,False,True,,,,,,
20250615-0016,20250615,True,CUF 16,0,15:10:41:404,46,0,15:10:51:532,15:10:38:352,8,0,15:10:52:132,15:10:38:352,15:22:08:009,True,1,123,9,1,15:11:50:574,15:12:36:837,46263,False,True,,,,,,
20250615-0016,20250615,True,CUF 16,0,15:10:41:404,46,0,15:10:51:532,15:10:38:352,8,0,15:10:52:132,15:10:38:352,15:22:08:009,True,1,123,11,2,15:12:48:431,15:13:22:166,33734,True,False,,,,,,
20250615-0016,20250615,True,CUF 16,0,15:10:41:404,46,0,15:10:51:532,15:10:38:352,8,0,15:10:52:132,15:10:38:352,15:22:08:009,True,1,123,11,2,15:13:29:140,15:14:07:778,38638,False,True,,,,,,
20250615-0016,20250615,True,CUF 16,0,15:10:41:404,46,0,15:10:51:532,15:10:38:352,8,0,15:10:52:132,15:10:38:352,15:22:08:009,True,1,123,13,3,15:14:23:093,15:16:28:435,125342,False,True,,,,,,
20250615-0016,20250615,True,CUF 16,0,15:10:41:404,46,0,15:10:51:532,15:10:38:352,8,0,15:10:52:132,15:10:38:352,15:22:08:009,True,1,123,12,3,15:16:38:445,15:16:43:733,5288,True,False,,,,,,
20250615-0016,20250615,True,CUF 16,0,15:10:41:404,46,0,15:10:51:532,15:10:38:352,8,0,15:10:52:132,15:10:38:352,15:22:08:009,True,1,123,12,3,15:16:51:524,15:17:23:741,32215,False,True,,,,,,
20250615-0016,20250615,True,CUF 16,0,15:10:41:404,46,0,15:10:51:532,15:10:38:352,8,0,15:10:52:132,15:10:38:352,15:22:08:009,True,1,123,2,0,15:17:37:704,15:17:39:239,1534,True,False,,,,,,
20250615-0016,20250615,True,CUF 16,0,15:10:41:404,46,0,15:10:51:532,15:10:38:352,8,0,15:10:52:132,15:10:38:352,15:22:08:009,True,1,123,2,0,15:17:44:061,15:17:45:045,984,True,False,,,,,,
20250615-0016,20250615,True,CUF 16,0,15:10:41:404,46,0,15:10:51:532,15:10:38:352,8,0,15:10:52:132,15:10:38:352,15:22:08:009,True,1,123,2,0,15:17:49:532,15:17:53:804,4270,True,False,,,,,,
20250615-0016,20250615,True,CUF 16,0,15:10:41:404,46,0,15:10:51:532,15:10:38:352,8,0,15:10:52:132,15:10:38:352,15:22:08:009,True,1,123,2,0,15:17:58:308,15:18:32:977,34668,True,False,,,,,,
20250615-0016,20250615,True,CUF 16,0,15:10:41:404,46,0,15:10:51:532,15:10:38:352,8,0,15:10:52:132,15:10:38:352,15:22:08:009,True,1,123,2,0,15:18:38:064,15:19:14:134,36069,False,True,,,,,,
20250615-0016,20250615,True,CUF 16,0,15:10:41:404,46,0,15:10:51:532,15:10:38:352,8,0,15:10:52:132,15:10:38:352,15:22:08:009,True,1,123,8,1,15:19:23:860,15:20:08:055,44194,False,True,,,,,,
20250615-0016,20250615,True,CUF 16,0,15:10:41:404,46,0,15:10:51:532,15:10:38:352,8,0,15:10:52:132,15:10:38:352,15:22:08:009,True,1,123,10,2,15:20:44:192,15:20:57:188,12995,True,False,,,,,,
20250615-0016,20250615,True,CUF 16,0,15:10:41:404,46,0,15:10:51:532,15:10:38:352,8,0,15:10:52:132,15:10:38:352,15:22:08:009,True,1,123,10,2,15:21:04:579,15:21:17:658,13079,True,False,,,,,,
20250615-0016,20250615,True,CUF 16,0,15:10:41:404,46,0,15:10:51:532,15:10:38:352,8,0,15:10:52:132,15:10:38:352,15:22:08:009,True,1,123,10,2,15:21:22:697,,0,False,False,,,,,,
20250615-0017,20250615,True,CUF 17,0,15:22:41:692,27,3,15:22:53:121,15:22:40:808,26,3,15:22:51:835,15:22:40:808,15:30:37:568,True,2,123,,,,,,,,,
20250615-0017,20250615,True,CUF 17,0,15:22:41:692,27,3,15:22:53:121,15:22:40:808,26,3,15:22:51:835,15:22:40:808,15:30:37:568,True,2,123,5,0,15:23:00:178,15:23:25:086,24907,False,True,,,,,,
20250615-0017,20250615,True,CUF 17,0,15:22:41:692,27,3,15:22:53:121,15:22:40:808,26,3,15:22:51:835,15:22:40:808,15:30:37:568,True,2,123,8,1,15:23:44:822,15:24:10:180,25359,True,False,,,,,,
20250615-0017,20250615,True,CUF 17,0,15:22:41:692,27,3,15:22:53:121,15:22:40:808,26,3,15:22:51:835,15:22:40:808,15:30:37:568,True,2,123,8,1,15:24:17:554,15:24:39:660,22105,True,False,,,,,,
20250615-0017,20250615,True,CUF 17,0,15:22:41:692,27,3,15:22:53:121,15:22:40:808,26,3,15:22:51:835,15:22:40:808,15:30:37:568,True,2,123,8,1,15:24:47:518,15:24:53:158,5639,True,False,,,,,,
20250615-0017,20250615,True,CUF 17,0,15:22:41:692,27,3,15:22:53:121,15:22:40:808,26,3,15:22:51:835,15:22:40:808,15:30:37:568,True,2,123,8,1,15:26:42:499,15:26:54:211,11711,True,False,,,,,,
20250615-0017,20250615,True,CUF 17,0,15:22:41:692,27,3,15:22:53:121,15:22:40:808,26,3,15:22:51:835,15:22:40:808,15:30:37:568,True,2,123,8,1,15:26:59:366,15:27:47:098,47731,False,True,,,,,,
20250615-0017,20250615,True,CUF 17,0,15:22:41:692,27,3,15:22:53:121,15:22:40:808,26,3,15:22:51:835,15:22:40:808,15:30:37:568,True,2,123,10,2,15:27:57:375,15:28:08:303,10927,True,False,,,,,,
20250615-0017,20250615,True,CUF 17,0,15:22:41:692,27,3,15:22:53:121,15:22:40:808,26,3,15:22:51:835,15:22:40:808,15:30:37:568,True,2,123,10,2,15:28:14:258,15:28:40:185,25926,False,True,,,,,,
20250615-0017,20250615,True,CUF 17,0,15:22:41:692,27,3,15:22:53:121,15:22:40:808,26,3,15:22:51:835,15:22:40:808,15:30:37:568,True,2,123,13,3,15:28:49:960,15:28:54:465,4504,True,False,,,,,,
20250615-0018,20250615,True,CUF 18,0,15:36:53:345,35,0,15:37:07:909,15:36:36:995,8,0,15:37:08:777,15:36:36:995,15:42:02:020,True,0,123,,,,,,,,,
20250615-0018,20250615,True,CUF 18,0,15:36:53:345,35,0,15:37:07:909,15:36:36:995,8,0,15:37:08:777,15:36:36:995,15:42:02:020,True,0,123,5,0,15:37:15:900,15:37:18:270,2368,True,False,,,,,,
20250615-0018,20250615,True,CUF 18,0,15:36:53:345,35,0,15:37:07:909,15:36:36:995,8,0,15:37:08:777,15:36:36:995,15:42:02:020,True,0,123,5,0,15:37:24:342,15:38:32:494,68151,False,True,,,,,,
20250615-0018,20250615,True,CUF 18,0,15:36:53:345,35,0,15:37:07:909,15:36:36:995,8,0,15:37:08:777,15:36:36:995,15:42:02:020,True,0,123,8,1,15:38:41:151,15:39:48:403,67250,True,False,,,,,,
20250615-0018,20250615,True,CUF 18,0,15:36:53:345,35,0,15:37:07:909,15:36:36:995,8,0,15:37:08:777,15:36:36:995,15:42:02:020,True,0,123,8,1,15:39:53:891,15:40:33:115,39222,False,True,,,,,,
20250615-0018,20250615,True,CUF 18,0,15:36:53:345,35,0,15:37:07:909,15:36:36:995,8,0,15:37:08:777,15:36:36:995,15:42:02:020,True,0,123,10,2,15:40:40:456,15:40:56:571,16116,False,True,,,,,,
20250615-0018,20250615,True,CUF 18,0,15:36:53:345,35,0,15:37:07:909,15:36:36:995,8,0,15:37:08:777,15:36:36:995,15:42:02:020,True,0,123,12,3,15:41:06:597,15:41:57:598,51000,True,False,,,,,,
20250615-0018,,,,,,,,,,,,,,,,,,12,,,,,,,15:41:09:351,1,,,,
20250615-0018,,,,,,,,,,,,,,,,,,12,,,,,,,15:41:10:201,0,,,,
20250615-0019,20250615,True,CUF 19,0,15:44:19:825,30,3,15:44:37:259,15:44:18:790,30,3,15:44:37:426,15:44:18:790,16:15:46:029,True,0,123,,,,,,,,,
20250615-0019,20250615,True,CUF 19,0,15:44:19:825,30,3,15:44:37:259,15:44:18:790,30,3,15:44:37:426,15:44:18:790,16:15:46:029,True,0,123,2,0,15:44:47:602,15:45:33:715,46112,False,True,,,,,,
20250615-0019,20250615,True,CUF 19,0,15:44:19:825,30,3,15:44:37:259,15:44:18:790,30,3,15:44:37:426,15:44:18:790,16:15:46:029,True,0,123,9,1,15:45:49:130,15:46:26:051,36920,False,True,,,,,,
20250615-0019,20250615,True,CUF 19,0,15:44:19:825,30,3,15:44:37:259,15:44:18:790,30,3,15:44:37:426,15:44:18:790,16:15:46:029,True,0,123,11,2,15:46:40:432,15:46:44:035,3603,True,False,,,,,,
20250615-0019,20250615,True,CUF 19,0,15:44:19:825,30,3,15:44:37:259,15:44:18:790,30,3,15:44:37:426,15:44:18:790,16:15:46:029,True,0,123,11,2,15:46:49:724,15:47:19:821,30096,False,True,,,,,,
20250615-0019,20250615,True,CUF 19,0,15:44:19:825,30,3,15:44:37:259,15:44:18:790,30,3,15:44:37:426,15:44:18:790,16:15:46:029,True,0,123,12,3,15:47:31:150,15:47:45:530,14380,True,False,,,,,,
20250615-0019,,,,,,,,,,,,,,,,,,12,,,,,,,15:47:34:703,1,,,,
20250615-0019,20250615,True,CUF 19,0,15:44:19:825,30,3,15:44:37:259,15:44:18:790,30,3,15:44:37:426,15:44:18:790,16:15:46:029,True,0,123,1,0,15:48:58:921,15:50:01:584,62662,False,True,,,,,,
20250615-0019,20250615,True,CUF 19,0,15:44:19:825,30,3,15:44:37:259,15:44:18:790,30,3,15:44:37:426,15:44:18:790,16:15:46:029,True,0,123,10,2,15:50:10:625,15:50:28:843,18217,True,False,,,,,,
20250615-0019,20250615,True,CUF 19,0,15:44:19:825,30,3,15:44:37:259,15:44:18:790,30,3,15:44:37:426,15:44:18:790,16:15:46:029,True,0,123,10,2,15:50:35:550,15:50:41:706,6156,True,False,,,,,,
20250615-0019,20250615,True,CUF 19,0,15:44:19:825,30,3,15:44:37:259,15:44:18:790,30,3,15:44:37:426,15:44:18:790,16:15:46:029,True,0,123,10,2,15:50:48:531,15:51:39:732,51201,False,True,,,,,,
20250615-0019,20250615,True,CUF 19,0,15:44:19:825,30,3,15:44:37:259,15:44:18:790,30,3,15:44:37:426,15:44:18:790,16:15:46:029,True,0,123,11,2,15:51:53:612,15:51:59:251,5638,True,False,,,,,,
20250615-0019,20250615,True,CUF 19,0,15:44:19:825,30,3,15:44:37:259,15:44:18:790,30,3,15:44:37:426,15:44:18:790,16:15:46:029,True,0,123,10,2,15:52:09:044,15:52:17:070,8024,False,True,,,,,,
20250615-0019,20250615,True,CUF 19,0,15:44:19:825,30,3,15:44:37:259,15:44:18:790,30,3,15:44:37:426,15:44:18:790,16:15:46:029,True,0,123,10,2,15:52:29:565,15:52:35:404,5839,False,True,,,,,,
20250615-0019,20250615,True,CUF 19,0,15:44:19:825,30,3,15:44:37:259,15:44:18:790,30,3,15:44:37:426,15:44:18:790,16:15:46:029,True,0,123,10,2,15:53:45:225,15:54:11:217,25992,False,True,,,,,,
20250615-0019,20250615,True,CUF 19,0,15:44:19:825,30,3,15:44:37:259,15:44:18:790,30,3,15:44:37:426,15:44:18:790,16:15:46:029,True,0,123,13,3,15:54:21:861,15:54:23:829,1968,True,False,,,,,,
20250615-0019,20250615,True,CUF 19,0,15:44:19:825,30,3,15:44:37:259,15:44:18:790,30,3,15:44:37:426,15:44:18:790,16:15:46:029,True,0,123,13,3,15:54:34:540,15:54:49:571,15031,True,False,,,,,,
20250615-0019,20250615,True,CUF 19,0,15:44:19:825,30,3,15:44:37:259,15:44:18:790,30,3,15:44:37:426,15:44:18:790,16:15:46:029,True,0,123,13,3,15:54:55:243,15:55:34:266,39022,True,False,,,,,,
20250615-0019,20250615,True,CUF 19,0,15:44:19:825,30,3,15:44:37:259,15:44:18:790,30,3,15:44:37:426,15:44:18:790,16:15:46:029,True,0,123,13,3,15:55:44:811,15:57:12:048,87237,False,True,,,,,,
20250615-0019,20250615,True,CUF 19,0,15:44:19:825,30,3,15:44:37:259,15:44:18:790,30,3,15:44:37:426,15:44:18:790,16:15:46:029,True,0,123,10,2,15:57:38:206,15:57:45:599,7390,False,True,,,,,,
20250615-0019,20250615,True,CUF 19,0,15:44:19:825,30,3,15:44:37:259,15:44:18:790,30,3,15:44:37:426,15:44:18:790,16:15:46:029,True,0,123,12,3,15:58:00:796,15:58:34:414,33616,False,True,,,,,,
20250615-0019,20250615,True,CUF 19,0,15:44:19:825,30,3,15:44:37:259,15:44:18:790,30,3,15:44:37:426,15:44:18:790,16:15:46:029,True,0,123,12,3,15:58:47:109,15:59:07:046,19936,False,True,,,,,,
20250615-0019,20250615,True,CUF 19,0,15:44:19:825,30,3,15:44:37:259,15:44:18:790,30,3,15:44:37:426,15:44:18:790,16:15:46:029,True,0,123,12,3,15:59:21:744,15:59:22:577,834,True,False,,,,,,
20250615-0019,20250615,True,CUF 19,0,15:44:19:825,30,3,15:44:37:259,15:44:18:790,30,3,15:44:37:426,15:44:18:790,16:15:46:029,True,0,123,12,3,15:59:27:550,15:59:33:421,5872,True,False,,,,,,
20250615-0019,20250615,True,CUF 19,0,15:44:19:825,30,3,15:44:37:259,15:44:18:790,30,3,15:44:37:426,15:44:18:790,16:15:46:029,True,0,123,12,3,15:59:38:511,15:59:48:771,10260,True,False,,,,,,
20250615-0019,20250615,True,CUF 19,0,15:44:19:825,30,3,15:44:37:259,15:44:18:790,30,3,15:44:37:426,15:44:18:790,16:15:46:029,True,0,123,12,3,15:59:57:429,16:00:11:878,14447,False,True,,,,,,
20250615-0019,20250615,True,CUF 19,0,15:44:19:825,30,3,15:44:37:259,15:44:18:790,30,3,15:44:37:426,15:44:18:790,16:15:46:029,True,0,123,13,3,16:00:26:025,16:00:46:996,20970,True,False,,,,,,
20250615-0019,20250615,True,CUF 19,0,15:44:19:825,30,3,15:44:37:259,15:44:18:790,30,3,15:44:37:426,15:44:18:790,16:15:46:029,True,0,123,13,3,16:00:52:884,16:00:55:789,2902,True,False,,,,,,
20250615-0019,20250615,True,CUF 19,0,15:44:19:825,30,3,15:44:37:259,15:44:18:790,30,3,15:44:37:426,15:44:18:790,16:15:46:029,True,0,123,13,3,16:01:04:063,16:01:08:450,4387,True,False,,,,,,
20250615-0019,20250615,True,CUF 19,0,15:44:19:825,30,3,15:44:37:259,15:44:18:790,30,3,15:44:37:426,15:44:18:790,16:15:46:029,True,0,123,13,3,16:01:13:390,16:01:17:660,4270,True,False,,,,,,
20250615-0019,20250615,True,CUF 19,0,15:44:19:825,30,3,15:44:37:259,15:44:18:790,30,3,15:44:37:426,15:44:18:790,16:15:46:029,True,0,123,13,3,16:01:22:915,16:01:23:866,950,True,False,,,,,,
20250615-0019,20250615,True,CUF 19,0,15:44:19:825,30,3,15:44:37:259,15:44:18:790,30,3,15:44:37:426,15:44:18:790,16:15:46:029,True,0,123,13,3,16:01:28:821,16:01:35:394,6573,True,False,,,,,,
20250615-0019,20250615,True,CUF 19,0,15:44:19:825,30,3,15:44:37:259,15:44:18:790,30,3,15:44:37:426,15:44:18:790,16:15:46:029,True,0,123,13,3,16:01:41:183,16:02:11:548,30363,True,False,,,,,,
20250615-0019,20250615,True,CUF 19,0,15:44:19:825,30,3,15:44:37:259,15:44:18:790,30,3,15:44:37:426,15:44:18:790,16:15:46:029,True,0,123,13,3,16:02:18:271,16:02:18:704,433,True,False,,,,,,
20250615-0019,20250615,True,CUF 19,0,15:44:19:825,30,3,15:44:37:259,15:44:18:790,30,3,15:44:37:426,15:44:18:790,16:15:46:029,True,0,123,13,3,16:02:23:308,16:02:44:747,21437,True,False,,,,,,
20250615-0019,20250615,True,CUF 19,0,15:44:19:825,30,3,15:44:37:259,15:44:18:790,30,3,15:44:37:426,15:44:18:790,16:15:46:029,True,0,123,3,0,16:02:57:142,16:03:30:025,32882,False,True,,,,,,
20250615-0019,20250615,True,CUF 19,0,15:44:19:825,30,3,15:44:37:259,15:44:18:790,30,3,15:44:37:426,15:44:18:790,16:15:46:029,True,0,123,8,1,16:03:38:367,16:04:05:945,27577,False,True,,,,,,
20250615-0019,20250615,True,CUF 19,0,15:44:19:825,30,3,15:44:37:259,15:44:18:790,30,3,15:44:37:426,15:44:18:790,16:15:46:029,True,0,123,11,2,16:04:13:603,16:04:31:821,18217,True,False,,,,,,
20250615-0019,20250615,True,CUF 19,0,15:44:19:825,30,3,15:44:37:259,15:44:18:790,30,3,15:44:37:426,15:44:18:790,16:15:46:029,True,0,123,11,2,16:04:38:677,16:05:14:765,36086,False,True,,,,,,
20250615-0019,20250615,True,CUF 19,0,15:44:19:825,30,3,15:44:37:259,15:44:18:790,30,3,15:44:37:426,15:44:18:790,16:15:46:029,True,0,123,13,3,16:05:23:406,16:07:02:889,99482,False,True,,,,,,
20250615-0019,20250615,True,CUF 19,0,15:44:19:825,30,3,15:44:37:259,15:44:18:790,30,3,15:44:37:426,15:44:18:790,16:15:46:029,True,0,123,7,0,16:07:17:019,16:07:39:375,22355,True,False,,,,,,
20250615-0019,20250615,True,CUF 19,0,15:44:19:825,30,3,15:44:37:259,15:44:18:790,30,3,15:44:37:426,15:44:18:790,16:15:46:029,True,0,123,7,0,16:07:44:930,16:08:35:898,50967,False,True,,,,,,
20250615-0019,20250615,True,CUF 19,0,15:44:19:825,30,3,15:44:37:259,15:44:18:790,30,3,15:44:37:426,15:44:18:790,16:15:46:029,True,0,123,9,1,16:08:49:945,16:09:52:776,62829,False,True,,,,,,
20250615-0019,20250615,True,CUF 19,0,15:44:19:825,30,3,15:44:37:259,15:44:18:790,30,3,15:44:37:426,15:44:18:790,16:15:46:029,True,0,123,10,2,16:10:08:274,16:10:24:941,16666,False,True,,,,,,
20250615-0019,20250615,True,CUF 19,0,15:44:19:825,30,3,15:44:37:259,15:44:18:790,30,3,15:44:37:426,15:44:18:790,16:15:46:029,True,0,123,12,3,16:10:40:523,16:11:58:902,78378,False,True,,,,,,
20250615-0019,20250615,True,CUF 19,0,15:44:19:825,30,3,15:44:37:259,15:44:18:790,30,3,15:44:37:426,15:44:18:790,16:15:46:029,True,0,123,1,0,16:12:51:404,16:13:01:397,9993,True,False,,,,,,
20250615-0019,20250615,True,CUF 19,0,15:44:19:825,30,3,15:44:37:259,15:44:18:790,30,3,15:44:37:426,15:44:18:790,16:15:46:029,True,0,123,3,0,16:13:09:455,16:14:31:488,82032,True,False,,,,,,
20250615-0019,,,,,,,,,,,,,,,,,,3,,,,,,,16:14:16:674,1,,,,
20250615-0019,20250615,True,CUF 19,0,15:44:19:825,30,3,15:44:37:259,15:44:18:790,30,3,15:44:37:426,15:44:18:790,16:15:46:029,True,0,123,3,0,16:14:36:893,16:14:53:010,16115,False,True,,,,,,
20250615-0019,20250615,True,CUF 19,0,15:44:19:825,30,3,15:44:37:259,15:44:18:790,30,3,15:44:37:426,15:44:18:790,16:15:46:029,True,0,123,12,3,16:15:03:970,16:15:07:991,4020,True,False,,,,,,
20250615-0019,20250615,True,CUF 19,0,15:44:19:825,30,3,15:44:37:259,15:44:18:790,30,3,15:44:37:426,15:44:18:790,16:15:46:029,True,0,123,12,3,16:15:13:846,16:15:16:567,2719,True,False,,,,,,
20250615-0019,20250615,True,CUF 19,0,15:44:19:825,30,3,15:44:37:259,15:44:18:790,30,3,15:44:37:426,15:44:18:790,16:15:46:029,True,0,123,12,3,16:15:21:638,16:15:22:890,1251,True,False,,,,,,
20250615-0019,20250615,True,CUF 19,0,15:44:19:825,30,3,15:44:37:259,15:44:18:790,30,3,15:44:37:426,15:44:18:790,16:15:46:029,True,0,123,13,3,16:15:29:946,16:15:35:652,5705,True,False,,,,,,
20250615-0019,,,,,,,,,,,,,,,,,,13,,,,,,,16:15:34:984,1,,,,
20250615-0019,20250615,True,CUF 19,0,15:44:19:825,30,3,15:44:37:259,15:44:18:790,30,3,15:44:37:426,15:44:18:790,16:15:46:029,True,0,123,13,3,16:15:40:991,16:15:42:992,2001,True,False,,,,,,
20250615-0020,20250615,True,CUF 20,0,16:19:42:082,7,0,16:19:57:296,16:19:21:294,39,0,16:19:33:306,16:16:11:387,16:29:02:760,False,2,123,,,,,,,,,
20250615-0020,20250615,True,CUF 20,0,16:19:42:082,7,0,16:19:57:296,16:19:21:294,39,0,16:19:33:306,16:16:11:387,16:29:02:760,False,2,123,6,0,16:20:04:170,16:20:13:130,8958,True,False,,,,,,
20250615-0020,,,,,,,,,,,,,,,,,,6,,,,,,,16:20:12:379,1,,,,
20250615-0020,20250615,True,CUF 20,0,16:19:42:082,7,0,16:19:57:296,16:19:21:294,39,0,16:19:33:306,16:16:11:387,16:29:02:760,False,2,123,6,0,16:20:20:787,16:21:49:143,88355,False,True,,,,,,
20250615-0020,20250615,True,CUF 20,0,16:19:42:082,7,0,16:19:57:296,16:19:21:294,39,0,16:19:33:306,16:16:11:387,16:29:02:760,False,2,123,9,1,16:22:01:771,16:24:52:275,170503,True,False,,,,,,
20250615-0020,20250615,True,CUF 20,0,16:19:42:082,7,0,16:19:57:296,16:19:21:294,39,0,16:19:33:306,16:16:11:387,16:29:02:760,False,2,123,9,1,16:24:59:065,16:25:02:485,3419,True,False,,,,,,
20250615-0020,20250615,True,CUF 20,0,16:19:42:082,7,0,16:19:57:296,16:19:21:294,39,0,16:19:33:306,16:16:11:387,16:29:02:760,False,2,123,9,1,16:25:08:308,16:25:21:304,12996,True,False,,,,,,
20250615-0020,20250615,True,CUF 20,0,16:19:42:082,7,0,16:19:57:296,16:19:21:294,39,0,16:19:33:306,16:16:11:387,16:29:02:760,False,2,123,9,1,16:25:29:312,16:25:38:622,9309,True,False,,,,,,
20250615-0020,20250615,True,CUF 20,0,16:19:42:082,7,0,16:19:57:296,16:19:21:294,39,0,16:19:33:306,16:16:11:387,16:29:02:760,False,2,123,9,1,16:25:43:928,16:26:31:910,47981,False,True,,,,,,
20250615-0020,20250615,True,CUF 20,0,16:19:42:082,7,0,16:19:57:296,16:19:21:294,39,0,16:19:33:306,16:16:11:387,16:29:02:760,False,2,123,9,1,16:26:37:914,16:27:19:807,41891,False,True,,,,,,
20250615-0021,20250615,True,CUF 21,1,16:40:08:242,15,0,16:40:28:145,16:40:06:874,47,0,16:40:19:570,16:35:56:056,16:45:28:213,True,1,123,,,,,,,,,
20250615-0021,20250615,True,CUF 21,1,16:40:08:242,15,0,16:40:28:145,16:40:06:874,47,0,16:40:19:570,16:35:56:056,16:45:28:213,True,1,123,1,0,16:40:37:104,16:40:42:243,5138,True,False,,,,,,
20250615-0021,20250615,True,CUF 21,1,16:40:08:242,15,0,16:40:28:145,16:40:06:874,47,0,16:40:19:570,16:35:56:056,16:45:28:213,True,1,123,1,0,16:40:49:433,16:40:52:052,2619,True,False,,,,,,
20250615-0021,20250615,True,CUF 21,1,16:40:08:242,15,0,16:40:28:145,16:40:06:874,47,0,16:40:19:570,16:35:56:056,16:45:28:213,True,1,123,1,0,16:40:56:790,16:41:50:178,53386,False,True,,,,,,
20250615-0021,20250615,True,CUF 21,1,16:40:08:242,15,0,16:40:28:145,16:40:06:874,47,0,16:40:19:570,16:35:56:056,16:45:28:213,True,1,123,8,1,16:42:01:889,16:42:29:367,27477,True,False,,,,,,
20250615-0021,20250615,True,CUF 21,1,16:40:08:242,15,0,16:40:28:145,16:40:06:874,47,0,16:40:19:570,16:35:56:056,16:45:28:213,True,1,123,8,1,16:42:36:441,16:43:14:496,38054,False,True,,,,,,
20250615-0021,20250615,True,CUF 21,1,16:40:08:242,15,0,16:40:28:145,16:40:06:874,47,0,16:40:19:570,16:35:56:056,16:45:28:213,True,1,123,11,2,16:43:25:574,16:44:30:172,64598,True,False,,,,,,
20250615-0021,20250615,True,CUF 21,1,16:40:08:242,15,0,16:40:28:145,16:40:06:874,47,0,16:40:19:570,16:35:56:056,16:45:28:213,True,1,123,11,2,16:44:35:777,16:45:22:358,46579,False,True,,,,,,
20250615-0022,20250615,True,CUF 22,0,16:59:51:726,25,1,17:00:06:625,16:59:55:298,25,1,17:00:06:942,16:48:41:288,17:06:00:196,True,2,123,,,,,,,,,
20250615-0022,20250615,True,CUF 22,0,16:59:51:726,25,1,17:00:06:625,16:59:55:298,25,1,17:00:06:942,16:48:41:288,17:06:00:196,True,2,123,7,0,17:00:13:548,17:00:16:301,2752,True,False,,,,,,
20250615-0022,20250615,True,CUF 22,0,16:59:51:726,25,1,17:00:06:625,16:59:55:298,25,1,17:00:06:942,16:48:41:288,17:06:00:196,True,2,123,7,0,17:00:22:407,17:00:37:288,14881,True,False,,,,,,
20250615-0022,20250615,True,CUF 22,0,16:59:51:726,25,1,17:00:06:625,16:59:55:298,25,1,17:00:06:942,16:48:41:288,17:06:00:196,True,2,123,7,0,17:00:42:227,17:01:23:602,41374,False,True,,,,,,
20250615-0022,20250615,True,CUF 22,0,16:59:51:726,25,1,17:00:06:625,16:59:55:298,25,1,17:00:06:942,16:48:41:288,17:06:00:196,True,2,123,7,0,17:01:30:008,17:01:48:577,18568,False,True,,,,,,
20250615-0022,20250615,True,CUF 22,0,16:59:51:726,25,1,17:00:06:625,16:59:55:298,25,1,17:00:06:942,16:48:41:288,17:06:00:196,True,2,123,9,1,17:01:56:885,17:02:07:846,10960,True,False,,,,,,
20250615-0022,20250615,True,CUF 22,0,16:59:51:726,25,1,17:00:06:625,16:59:55:298,25,1,17:00:06:942,16:48:41:288,17:06:00:196,True,2,123,9,1,17:02:14:536,17:02:48:004,33466,False,True,,,,,,
20250615-0022,20250615,True,CUF 22,0,16:59:51:726,25,1,17:00:06:625,16:59:55:298,25,1,17:00:06:942,16:48:41:288,17:06:00:196,True,2,123,9,1,17:02:54:409,17:03:19:686,25275,False,True,,,,,,
20250615-0022,20250615,True,CUF 22,0,16:59:51:726,25,1,17:00:06:625,16:59:55:298,25,1,17:00:06:942,16:48:41:288,17:06:00:196,True,2,123,10,2,17:03:27:976,17:03:30:662,2685,True,False,,,,,,
20250615-0022,20250615,True,CUF 22,0,16:59:51:726,25,1,17:00:06:625,16:59:55:298,25,1,17:00:06:942,16:48:41:288,17:06:00:196,True,2,123,10,2,17:03:36:769,17:03:45:961,9192,True,False,,,,,,
20250615-0022,20250615,True,CUF 22,0,16:59:51:726,25,1,17:00:06:625,16:59:55:298,25,1,17:00:06:942,16:48:41:288,17:06:00:196,True,2,123,10,2,17:03:51:000,17:04:21:915,30914,False,True,,,,,,
20250615-0022,20250615,True,CUF 22,0,16:59:51:726,25,1,17:00:06:625,16:59:55:298,25,1,17:00:06:942,16:48:41:288,17:06:00:196,True,2,123,12,3,17:04:30:472,17:05:07:710,37236,True,False,,,,,,
20250615-0023,20250615,True,CUF 23,0,17:06:07:469,23,3,17:06:47:409,17:06:22:518,22,3,17:06:48:293,17:06:07:469,17:11:33:245,True,2,123,,,,,,,,,
20250615-0023,20250615,True,CUF 23,0,17:06:07:469,23,3,17:06:47:409,17:06:22:518,22,3,17:06:48:293,17:06:07:469,17:11:33:245,True,2,123,6,0,17:06:55:117,17:07:00:589,5471,True,False,,,,,,
20250615-0023,20250615,True,CUF 23,0,17:06:07:469,23,3,17:06:47:409,17:06:22:518,22,3,17:06:48:293,17:06:07:469,17:11:33:245,True,2,123,6,0,17:07:09:181,17:07:18:708,9525,False,True,,,,,,
20250615-0023,20250615,True,CUF 23,0,17:06:07:469,23,3,17:06:47:409,17:06:22:518,22,3,17:06:48:293,17:06:07:469,17:11:33:245,True,2,123,8,1,17:07:26:365,17:08:45:912,79546,False,True,,,,,,
20250615-0023,20250615,True,CUF 23,0,17:06:07:469,23,3,17:06:47:409,17:06:22:518,22,3,17:06:48:293,17:06:07:469,17:11:33:245,True,2,123,11,2,17:08:56:322,17:09:08:817,12495,True,False,,,,,,
20250615-0023,20250615,True,CUF 23,0,17:06:07:469,23,3,17:06:47:409,17:06:22:518,22,3,17:06:48:293,17:06:07:469,17:11:33:245,True,2,123,11,2,17:09:15:341,17:09:51:294,35952,False,True,,,,,,
20250615-0024,20250615,True,CUF 24,0,17:13:14:981,13,0,17:13:38:271,17:13:28:594,40,0,17:13:33:983,17:13:14:981,17:17:00:406,False,1,123,,,,,,,,,
20250615-0024,20250615,True,CUF 24,0,17:13:14:981,13,0,17:13:38:271,17:13:28:594,40,0,17:13:33:983,17:13:14:981,17:17:00:406,False,1,123,6,0,17:13:50:749,17:14:09:719,18968,False,True,,,,,,
20250615-0024,20250615,True,CUF 24,0,17:13:14:981,13,0,17:13:38:271,17:13:28:594,40,0,17:13:33:983,17:13:14:981,17:17:00:406,False,1,123,8,1,17:14:20:513,17:14:30:389,9876,True,False,,,,,,
20250615-0024,20250615,True,CUF 24,0,17:13:14:981,13,0,17:13:38:271,17:13:28:594,40,0,17:13:33:983,17:13:14:981,17:17:00:406,False,1,123,8,1,17:14:39:348,17:15:09:695,30346,True,False,,,,,,
20250615-0024,20250615,True,CUF 24,0,17:13:14:981,13,0,17:13:38:271,17:13:28:594,40,0,17:13:33:983,17:13:14:981,17:17:00:406,False,1,123,8,1,17:15:15:868,17:16:53:834,97964,False,True,,,,,,
20250615-0025,20250615,True,CUF 25,0,17:17:47:503,8,0,17:17:56:479,17:17:17:006,44,0,17:17:38:728,17:17:17:006,17:21:41:238,False,0,123,,,,,,,,,
20250615-0025,20250615,True,CUF 25,0,17:17:47:503,8,0,17:17:56:479,17:17:17:006,44,0,17:17:38:728,17:17:17:006,17:21:41:238,False,0,123,3,0,17:18:03:219,17:18:12:311,9092,True,False,,,,,,
20250615-0025,20250615,True,CUF 25,0,17:17:47:503,8,0,17:17:56:479,17:17:17:006,44,0,17:17:38:728,17:17:17:006,17:21:41:238,False,0,123,3,0,17:18:19:535,17:19:17:627,58091,False,True,,,,,,
20250615-0025,20250615,True,CUF 25,0,17:17:47:503,8,0,17:17:56:479,17:17:17:006,44,0,17:17:38:728,17:17:17:006,17:21:41:238,False,0,123,8,1,17:19:29:572,17:20:37:758,68184,False,True,,,,,,
20250615-0025,20250615,True,CUF 25,0,17:17:47:503,8,0,17:17:56:479,17:17:17:006,44,0,17:17:38:728,17:17:17:006,17:21:41:238,False,0,123,10,2,17:20:51:088,17:20:56:025,4938,True,False,,,,,,
20250615-0025,20250615,True,CUF 25,0,17:17:47:503,8,0,17:17:56:479,17:17:17:006,44,0,17:17:38:728,17:17:17:006,17:21:41:238,False,0,123,10,2,17:21:01:931,17:21:33:562,31631,True,False,,,,,,
20250615-0026,20250615,True,CUF 26,0,17:22:00:873,8,0,17:22:06:879,17:21:47:711,65,0,17:21:56:052,17:21:47:711,17:28:11:677,False,2,123,,,,,,,,,
20250615-0026,20250615,True,CUF 26,0,17:22:00:873,8,0,17:22:06:879,17:21:47:711,65,0,17:21:56:052,17:21:47:711,17:28:11:677,False,2,123,5,0,17:22:14:653,17:22:18:592,3937,True,False,,,,,,
20250615-0026,20250615,True,CUF 26,0,17:22:00:873,8,0,17:22:06:879,17:21:47:711,65,0,17:21:56:052,17:21:47:711,17:28:11:677,False,2,123,5,0,17:22:24:631,17:22:26:316,1684,True,False,,,,,,
20250615-0026,20250615,True,CUF 26,0,17:22:00:873,8,0,17:22:06:879,17:21:47:711,65,0,17:21:56:052,17:21:47:711,17:28:11:677,False,2,123,5,0,17:22:32:689,17:22:33:172,483,True,False,,,,,,
20250615-0026,20250615,True,CUF 26,0,17:22:00:873,8,0,17:22:06:879,17:21:47:711,65,0,17:21:56:052,17:21:47:711,17:28:11:677,False,2,123,5,0,17:22:39:512,17:22:40:429,917,True,False,,,,,,
20250615-0026,20250615,True,CUF 26,0,17:22:00:873,8,0,17:22:06:879,17:21:47:711,65,0,17:21:56:052,17:21:47:711,17:28:11:677,False,2,123,5,0,17:22:45:217,17:22:57:747,12529,True,False,,,,,,
20250615-0026,20250615,True,CUF 26,0,17:22:00:873,8,0,17:22:06:879,17:21:47:711,65,0,17:21:56:052,17:21:47:711,17:28:11:677,False,2,123,5,0,17:23:07:156,17:24:36:163,89005,False,True,,,,,,
20250615-0026,20250615,True,CUF 26,0,17:22:00:873,8,0,17:22:06:879,17:21:47:711,65,0,17:21:56:052,17:21:47:711,17:28:11:677,False,2,123,8,1,17:24:44:121,17:25:38:141,54020,False,True,,,,,,
20250615-0026,20250615,True,CUF 26,0,17:22:00:873,8,0,17:22:06:879,17:21:47:711,65,0,17:21:56:052,17:21:47:711,17:28:11:677,False,2,123,11,2,17:25:46:550,17:26:11:157,24607,True,False,,,,,,
20250615-0026,20250615,True,CUF 26,0,17:22:00:873,8,0,17:22:06:879,17:21:47:711,65,0,17:21:56:052,17:21:47:711,17:28:11:677,False,2,123,11,2,17:26:18:731,17:26:29:443,10710,True,False,,,,,,
20250615-0027,20250615,True,CUF 27,1,17:29:34:594,18,1,17:29:46:806,17:29:36:379,18,1,17:29:45:088,17:29:34:594,17:46:22:570,True,0,123,,,,,,,,,
20250615-0027,20250615,True,CUF 27,1,17:29:34:594,18,1,17:29:46:806,17:29:36:379,18,1,17:29:45:088,17:29:34:594,17:46:22:570,True,0,123,6,0,17:30:05:475,17:30:10:997,5521,True,False,,,,,,
20250615-0027,20250615,True,CUF 27,1,17:29:34:594,18,1,17:29:46:806,17:29:36:379,18,1,17:29:45:088,17:29:34:594,17:46:22:570,True,0,123,6,0,17:30:18:104,17:30:40:461,22355,False,True,,,,,,
20250615-0027,20250615,True,CUF 27,1,17:29:34:594,18,1,17:29:46:806,17:29:36:379,18,1,17:29:45:088,17:29:34:594,17:46:22:570,True,0,123,8,1,17:30:49:652,17:31:05:936,16316,True,False,,,,,,
20250615-0027,20250615,True,CUF 27,1,17:29:34:594,18,1,17:29:46:806,17:29:36:379,18,1,17:29:45:088,17:29:34:594,17:46:22:570,True,0,123,8,1,17:31:11:291,17:31:36:132,24841,True,False,,,,,,
20250615-0027,20250615,True,CUF 27,1,17:29:34:594,18,1,17:29:46:806,17:29:36:379,18,1,17:29:45:088,17:29:34:594,17:46:22:570,True,0,123,8,1,17:31:42:372,17:31:53:333,10960,True,False,,,,,,
20250615-0027,20250615,True,CUF 27,1,17:29:34:594,18,1,17:29:46:806,17:29:36:379,18,1,17:29:45:088,17:29:34:594,17:46:22:570,True,0,123,8,1,17:32:00:290,17:32:19:276,18985,False,True,,,,,,
20250615-0027,20250615,True,CUF 27,1,17:29:34:594,18,1,17:29:46:806,17:29:36:379,18,1,17:29:45:088,17:29:34:594,17:46:22:570,True,0,123,11,2,17:32:26:751,17:32:37:460,10710,True,False,,,,,,
20250615-0027,20250615,True,CUF 27,1,17:29:34:594,18,1,17:29:46:806,17:29:36:379,18,1,17:29:45:088,17:29:34:594,17:46:22:570,True,0,123,11,2,17:32:42:550,17:32:49:956,7407,True,False,,,,,,
20250615-0027,20250615,True,CUF 27,1,17:29:34:594,18,1,17:29:46:806,17:29:36:379,18,1,17:29:45:088,17:29:34:594,17:46:22:570,True,0,123,11,2,17:32:55:512,17:33:55:255,59743,True,False,,,,,,
20250615-0027,20250615,True,CUF 27,1,17:29:34:594,18,1,17:29:46:806,17:29:36:379,18,1,17:29:45:088,17:29:34:594,17:46:22:570,True,0,123,11,2,17:34:02:730,17:34:09:086,6356,True,False,,,,,,
20250615-0027,20250615,True,CUF 27,1,17:29:34:594,18,1,17:29:46:806,17:29:36:379,18,1,17:29:45:088,17:29:34:594,17:46:22:570,True,0,123,11,2,17:34:14:108,17:35:49:586,95478,False,True,,,,,,
20250615-0027,20250615,True,CUF 27,1,17:29:34:594,18,1,17:29:46:806,17:29:36:379,18,1,17:29:45:088,17:29:34:594,17:46:22:570,True,0,123,13,3,17:35:58:011,17:36:01:314,3303,True,False,,,,,,
20250615-0027,20250615,True,CUF 27,1,17:29:34:594,18,1,17:29:46:806,17:29:36:379,18,1,17:29:45:088,17:29:34:594,17:46:22:570,True,0,123,13,3,17:36:06:120,17:38:13:681,127561,False,True,,,,,,
20250615-0027,20250615,True,CUF 27,1,17:29:34:594,18,1,17:29:46:806,17:29:36:379,18,1,17:29:45:088,17:29:34:594,17:46:22:570,True,0,123,12,3,17:38:38:790,17:38:48:849,10059,True,False,,,,,,
20250615-0027,20250615,True,CUF 27,1,17:29:34:594,18,1,17:29:46:806,17:29:36:379,18,1,17:29:45:088,17:29:34:594,17:46:22:570,True,0,123,12,3,17:38:54:121,17:39:43:988,49866,False,True,,,,,,
20250615-0027,20250615,True,CUF 27,1,17:29:34:594,18,1,17:29:46:806,17:29:36:379,18,1,17:29:45:088,17:29:34:594,17:46:22:570,True,0,123,12,3,17:39:53:197,17:39:54:899,1701,True,False,,,,,,
20250615-0027,20250615,True,CUF 27,1,17:29:34:594,18,1,17:29:46:806,17:29:36:379,18,1,17:29:45:088,17:29:34:594,17:46:22:570,True,0,123,12,3,17:39:59:736,17:40:00:504,767,True,False,,,,,,
20250615-0027,20250615,True,CUF 27,1,17:29:34:594,18,1,17:29:46:806,17:29:36:379,18,1,17:29:45:088,17:29:34:594,17:46:22:570,True,0,123,12,3,17:40:05:375,17:40:25:113,19736,False,True,,,,,,
20250615-0027,20250615,True,CUF 27,1,17:29:34:594,18,1,17:29:46:806,17:29:36:379,18,1,17:29:45:088,17:29:34:594,17:46:22:570,True,0,123,13,3,17:40:35:288,17:40:36:441,1151,True,False,,,,,,
20250615-0027,20250615,True,CUF 27,1,17:29:34:594,18,1,17:29:46:806,17:29:36:379,18,1,17:29:45:088,17:29:34:594,17:46:22:570,True,0,123,13,3,17:40:41:178,17:40:41:912,734,True,False,,,,,,
20250615-0027,20250615,True,CUF 27,1,17:29:34:594,18,1,17:29:46:806,17:29:36:379,18,1,17:29:45:088,17:29:34:594,17:46:22:570,True,0,123,13,3,17:40:54:458,17:40:58:930,4471,True,False,,,,,,
20250615-0027,20250615,True,CUF 27,1,17:29:34:594,18,1,17:29:46:806,17:29:36:379,18,1,17:29:45:088,17:29:34:594,17:46:22:570,True,0,123,13,3,17:41:03:734,17:41:05:403,1668,True,False,,,,,,
20250615-0027,20250615,True,CUF 27,1,17:29:34:594,18,1,17:29:46:806,17:29:36:379,18,1,17:29:45:088,17:29:34:594,17:46:22:570,True,0,123,13,3,17:41:10:157,17:41:24:555,14397,True,False,,,,,,
20250615-0027,20250615,True,CUF 27,1,17:29:34:594,18,1,17:29:46:806,17:29:36:379,18,1,17:29:45:088,17:29:34:594,17:46:22:570,True,0,123,13,3,17:41:30:177,17:41:34:065,3887,True,False,,,,,,
20250615-0027,20250615,True,CUF 27,1,17:29:34:594,18,1,17:29:46:806,17:29:36:379,18,1,17:29:45:088,17:29:34:594,17:46:22:570,True,0,123,13,3,17:41:38:836,17:44:49:861,191024,False,True,,,,,,
20250615-0027,20250615,True,CUF 27,1,17:29:34:594,18,1,17:29:46:806,17:29:36:379,18,1,17:29:45:088,17:29:34:594,17:46:22:570,True,0,123,13,3,17:46:19:433,17:46:20:217,783,True,False,,,,,,
20250615-0028,20250615,True,CUF 28,0,17:52:53:562,32,1,17:53:00:351,17:52:44:935,0,0,17:52:48:974,17:52:44:935,18:07:39:231,True,2,123,,,,,,,,,
20250615-0028,20250615,True,CUF 28,0,17:52:53:562,32,1,17:53:00:351,17:52:44:935,0,0,17:52:48:974,17:52:44:935,18:07:39:231,True,2,123,2,0,17:53:12:563,17:53:42:613,30046,False,True,,,,,,
20250615-0028,20250615,True,CUF 28,0,17:52:53:562,32,1,17:53:00:351,17:52:44:935,0,0,17:52:48:974,17:52:44:935,18:07:39:231,True,2,123,9,1,17:53:53:954,17:54:22:083,28127,False,True,,,,,,
20250615-0028,20250615,True,CUF 28,0,17:52:53:562,32,1,17:53:00:351,17:52:44:935,0,0,17:52:48:974,17:52:44:935,18:07:39:231,True,2,123,10,2,17:54:30:843,17:54:49:544,18701,False,True,,,,,,
20250615-0028,20250615,True,CUF 28,0,17:52:53:562,32,1,17:53:00:351,17:52:44:935,0,0,17:52:48:974,17:52:44:935,18:07:39:231,True,2,123,13,3,17:55:02:290,17:56:19:734,77443,False,True,,,,,,
20250615-0028,20250615,True,CUF 28,0,17:52:53:562,32,1,17:53:00:351,17:52:44:935,0,0,17:52:48:974,17:52:44:935,18:07:39:231,True,2,123,12,3,17:56:31:979,17:57:24:399,52419,False,True,,,,,,
20250615-0028,20250615,True,CUF 28,0,17:52:53:562,32,1,17:53:00:351,17:52:44:935,0,0,17:52:48:974,17:52:44:935,18:07:39:231,True,2,123,13,3,17:58:58:810,17:59:05:149,6339,True,False,,,,,,
20250615-0028,20250615,True,CUF 28,0,17:52:53:562,32,1,17:53:00:351,17:52:44:935,0,0,17:52:48:974,17:52:44:935,18:07:39:231,True,2,123,13,3,17:59:13:324,18:02:49:558,216233,False,True,,,,,,
20250615-0028,20250615,True,CUF 28,0,17:52:53:562,32,1,17:53:00:351,17:52:44:935,0,0,17:52:48:974,17:52:44:935,18:07:39:231,True,2,123,12,3,18:03:56:041,18:04:07:619,11578,True,False,,,,,,
20250615-0028,20250615,True,CUF 28,0,17:52:53:562,32,1,17:53:00:351,17:52:44:935,0,0,17:52:48:974,17:52:44:935,18:07:39:231,True,2,123,7,0,18:04:17:862,18:05:30:836,72972,False,True,,,,,,
20250615-0028,20250615,True,CUF 28,0,17:52:53:562,32,1,17:53:00:351,17:52:44:935,0,0,17:52:48:974,17:52:44:935,18:07:39:231,True,2,123,12,3,18:05:42:947,,0,False,False,,,,,,
20250615-0029,20250615,True,CUF 29,0,18:09:41:788,15,0,18:09:50:980,18:10:02:323,21,0,18:10:12:968,18:09:41:788,18:15:13:602,False,1,123,,,,,,,,,
20250615-0029,20250615,True,CUF 29,0,18:09:41:788,15,0,18:09:50:980,18:10:02:323,21,0,18:10:12:968,18:09:41:788,18:15:13:602,False,1,123,6,0,18:10:20:693,18:10:27:749,7056,True,False,,,,,,
20250615-0029,20250615,True,CUF 29,0,18:09:41:788,15,0,18:09:50:980,18:10:02:323,21,0,18:10:12:968,18:09:41:788,18:15:13:602,False,1,123,6,0,18:10:36:825,18:10:58:814,21988,False,True,,,,,,
20250615-0029,20250615,True,CUF 29,0,18:09:41:788,15,0,18:09:50:980,18:10:02:323,21,0,18:10:12:968,18:09:41:788,18:15:13:602,False,1,123,6,0,18:11:04:102,18:11:13:445,9342,True,False,,,,,,
20250615-0029,20250615,True,CUF 29,0,18:09:41:788,15,0,18:09:50:980,18:10:02:323,21,0,18:10:12:968,18:09:41:788,18:15:13:602,False,1,123,6,0,18:11:18:667,18:11:27:259,8591,True,False,,,,,,
20250615-0029,20250615,True,CUF 29,0,18:09:41:788,15,0,18:09:50:980,18:10:02:323,21,0,18:10:12:968,18:09:41:788,18:15:13:602,False,1,123,6,0,18:11:32:197,18:11:44:943,12745,False,True,,,,,,
20250615-0029,20250615,True,CUF 29,0,18:09:41:788,15,0,18:09:50:980,18:10:02:323,21,0,18:10:12:968,18:09:41:788,18:15:13:602,False,1,123,9,1,18:11:53:084,18:12:39:013,45929,True,False,,,,,,
20250615-0029,20250615,True,CUF 29,0,18:09:41:788,15,0,18:09:50:980,18:10:02:323,21,0,18:10:12:968,18:09:41:788,18:15:13:602,False,1,123,9,1,18:12:47:006,18:12:50:475,3470,True,False,,,,,,
20250615-0029,20250615,True,CUF 29,0,18:09:41:788,15,0,18:09:50:980,18:10:02:323,21,0,18:10:12:968,18:09:41:788,18:15:13:602,False,1,123,9,1,18:12:57:349,18:14:41:271,103920,False,True,,,,,,
20250615-0029,20250615,True,CUF 29,0,18:09:41:788,15,0,18:09:50:980,18:10:02:323,21,0,18:10:12:968,18:09:41:788,18:15:13:602,False,1,123,11,2,18:14:50:496,,0,False,False,,,,,,
20250615-0030,20250615,True,CUF 30,0,18:19:57:470,24,3,18:20:04:644,18:19:41:321,30,3,18:19:51:681,18:19:41:321,18:23:39:159,True,0,123,,,,,,,,,
20250615-0030,20250615,True,CUF 30,0,18:19:57:470,24,3,18:20:04:644,18:19:41:321,30,3,18:19:51:681,18:19:41:321,18:23:39:159,True,0,123,5,0,18:20:12:751,18:20:13:335,583,True,False,,,,,,
20250615-0030,20250615,True,CUF 30,0,18:19:57:470,24,3,18:20:04:644,18:19:41:321,30,3,18:19:51:681,18:19:41:321,18:23:39:159,True,0,123,5,0,18:20:20:259,18:21:04:020,43760,False,True,,,,,,
20250615-0030,20250615,True,CUF 30,0,18:19:57:470,24,3,18:20:04:644,18:19:41:321,30,3,18:19:51:681,18:19:41:321,18:23:39:159,True,0,123,5,0,18:21:16:098,18:21:16:599,500,True,False,,,,,,
20250615-0030,20250615,True,CUF 30,0,18:19:57:470,24,3,18:20:04:644,18:19:41:321,30,3,18:19:51:681,18:19:41:321,18:23:39:159,True,0,123,5,0,18:21:21:120,18:21:21:354,233,True,False,,,,,,
20250615-0030,20250615,True,CUF 30,0,18:19:57:470,24,3,18:20:04:644,18:19:41:321,30,3,18:19:51:681,18:19:41:321,18:23:39:159,True,0,123,5,0,18:21:26:292,18:21:44:160,17867,False,True,,,,,,
20250615-0030,20250615,True,CUF 30,0,18:19:57:470,24,3,18:20:04:644,18:19:41:321,30,3,18:19:51:681,18:19:41:321,18:23:39:159,True,0,123,8,1,18:21:57:573,18:22:34:410,36837,False,True,,,,,,
20250615-0030,20250615,True,CUF 30,0,18:19:57:470,24,3,18:20:04:644,18:19:41:321,30,3,18:19:51:681,18:19:41:321,18:23:39:159,True,0,123,8,1,18:22:43:235,18:23:00:236,17000,False,True,,,,,,
20250615-0030,20250615,True,CUF 30,0,18:19:57:470,24,3,18:20:04:644,18:19:41:321,30,3,18:19:51:681,18:19:41:321,18:23:39:159,True,0,123,10,2,18:23:08:544,18:23:23:409,14864,False,True,,,,,,
20250615-0030,20250615,True,CUF 30,0,18:19:57:470,24,3,18:20:04:644,18:19:41:321,30,3,18:19:51:681,18:19:41:321,18:23:39:159,True,0,123,10,2,18:23:29:249,18:23:35:254,6005,False,True,,,,,,
20250615-0031,20250615,True,CUF 31,0,18:33:29:849,22,3,18:33:39:559,18:32:49:393,24,3,18:33:21:057,18:32:49:393,18:35:37:010,False,0,123,,,,,,,,,
20250615-0031,20250615,True,CUF 31,0,18:33:29:849,22,3,18:33:39:559,18:32:49:393,24,3,18:33:21:057,18:32:49:393,18:35:37:010,False,0,123,6,0,18:33:46:816,18:33:58:211,11394,True,False,,,,,,
20250615-0031,20250615,True,CUF 31,0,18:33:29:849,22,3,18:33:39:559,18:32:49:393,24,3,18:33:21:057,18:32:49:393,18:35:37:010,False,0,123,6,0,18:34:04:283,18:34:40:904,36619,False,True,,,,,,
20250615-0031,20250615,True,CUF 31,0,18:33:29:849,22,3,18:33:39:559,18:32:49:393,24,3,18:33:21:057,18:32:49:393,18:35:37:010,False,0,123,9,1,18:34:49:629,18:34:53:399,3770,True,False,,,,,,
20250615-0031,20250615,True,CUF 31,0,18:33:29:849,22,3,18:33:39:559,18:32:49:393,24,3,18:33:21:057,18:32:49:393,18:35:37:010,False,0,123,9,1,18:35:01:925,18:35:29:452,27527,True,False,,,,,,
20250615-0032,20250615,True,CUF 32,1,18:47:09:319,45,0,18:47:19:146,18:46:59:493,15,0,18:47:10:137,18:46:59:493,18:50:04:044,False,2,123,,,,,,,,,
20250615-0032,20250615,True,CUF 32,1,18:47:09:319,45,0,18:47:19:146,18:46:59:493,15,0,18:47:10:137,18:46:59:493,18:50:04:044,False,2,123,5,0,18:47:29:272,18:47:59:637,30363,False,True,,,,,,
20250615-0032,20250615,True,CUF 32,1,18:47:09:319,45,0,18:47:19:146,18:46:59:493,15,0,18:47:10:137,18:46:59:493,18:50:04:044,False,2,123,5,0,18:48:18:104,18:48:51:038,32932,False,True,,,,,,
20250615-0033,20250615,True,CUF 33,1,18:55:34:959,20,2,18:55:40:598,18:55:14:638,30,2,18:55:24:715,18:55:14:638,18:59:36:050,False,2,123,,,,,,,,,
20250615-0033,20250615,True,CUF 33,1,18:55:34:959,20,2,18:55:40:598,18:55:14:638,30,2,18:55:24:715,18:55:14:638,18:59:36:050,False,2,123,4,0,18:55:48:038,18:56:11:479,23439,True,False,,,,,,
20250615-0033,,,,,,,,,,,,,,,,,,4,,,,,,,18:55:56:297,1,,,,
20250615-0033,,,,,,,,,,,,,,,,,,4,,,,,,,18:55:56:497,0,,,,
20250615-0033,,,,,,,,,,,,,,,,,,4,,,,,,,18:55:56:647,1,,,,
20250615-0033,20250615,True,CUF 33,1,18:55:34:959,20,2,18:55:40:598,18:55:14:638,30,2,18:55:24:715,18:55:14:638,18:59:36:050,False,2,123,4,0,18:56:19:653,18:56:21:438,1784,True,False,,,,,,
20250615-0033,20250615,True,CUF 33,1,18:55:34:959,20,2,18:55:40:598,18:55:14:638,30,2,18:55:24:715,18:55:14:638,18:59:36:050,False,2,123,4,0,18:56:30:081,18:56:31:164,1084,True,False,,,,,,
20250615-0033,20250615,True,CUF 33,1,18:55:34:959,20,2,18:55:40:598,18:55:14:638,30,2,18:55:24:715,18:55:14:638,18:59:36:050,False,2,123,4,0,18:56:37:788,18:56:39:389,1601,True,False,,,,,,
20250615-0033,20250615,True,CUF 33,1,18:55:34:959,20,2,18:55:40:598,18:55:14:638,30,2,18:55:24:715,18:55:14:638,18:59:36:050,False,2,123,4,0,18:56:44:645,18:56:47:798,3153,True,False,,,,,,
20250615-0033,20250615,True,CUF 33,1,18:55:34:959,20,2,18:55:40:598,18:55:14:638,30,2,18:55:24:715,18:55:14:638,18:59:36:050,False,2,123,4,0,18:56:53:737,18:57:43:688,49949,False,True,,,,,,
20250616-0000,20250616,True,CUG 00,0,08:49:06:689,100,1,08:49:11:594,08:49:06:854,15,1,08:49:14:212,08:48:37:312,08:50:44:870,False,2,123,,,,,,,,,
20250616-0000,20250616,True,CUG 00,0,08:49:06:689,100,1,08:49:11:594,08:49:06:854,15,1,08:49:14:212,08:48:37:312,08:50:44:870,False,2,123,1,0,08:49:21:654,08:49:29:327,7674,True,False,,,,,,
20250616-0001,20250616,True,CUG 01,0,09:04:41:553,14,3,09:05:01:373,09:04:42:871,15,3,09:05:01:306,09:04:41:553,09:07:56:464,False,2,123,,,,,,,,,
20250616-0001,20250616,True,CUG 01,0,09:04:41:553,14,3,09:05:01:373,09:04:42:871,15,3,09:05:01:306,09:04:41:553,09:07:56:464,False,2,123,4,0,09:05:08:413,09:05:29:200,20787,True,False,,,,,,
20250616-0001,20250616,True,CUG 01,0,09:04:41:553,14,3,09:05:01:373,09:04:42:871,15,3,09:05:01:306,09:04:41:553,09:07:56:464,False,2,123,4,0,09:05:38:092,09:06:17:550,39455,False,True,,,,,,
20250616-0001,20250616,True,CUG 01,0,09:04:41:553,14,3,09:05:01:373,09:04:42:871,15,3,09:05:01:306,09:04:41:553,09:07:56:464,False,2,123,4,0,09:06:26:357,09:06:27:142,784,True,False,,,,,,
20250616-0001,20250616,True,CUG 01,0,09:04:41:553,14,3,09:05:01:373,09:04:42:871,15,3,09:05:01:306,09:04:41:553,09:07:56:464,False,2,123,4,0,09:06:32:080,09:06:32:764,684,True,False,,,,,,
20250616-0001,20250616,True,CUG 01,0,09:04:41:553,14,3,09:05:01:373,09:04:42:871,15,3,09:05:01:306,09:04:41:553,09:07:56:464,False,2,123,4,0,09:06:38:903,09:06:42:257,3353,True,False,,,,,,
20250616-0001,20250616,True,CUG 01,0,09:04:41:553,14,3,09:05:01:373,09:04:42:871,15,3,09:05:01:306,09:04:41:553,09:07:56:464,False,2,123,4,0,09:06:47:111,,0,False,False,,,,,,
20250616-0002,20250616,True,CUG 02,1,09:09:36:180,20,1,09:09:47:008,09:09:38:382,21,1,09:09:47:475,09:09:36:180,09:12:50:291,False,2,123,,,,,,,,,
20250616-0002,20250616,True,CUG 02,1,09:09:36:180,20,1,09:09:47:008,09:09:38:382,21,1,09:09:47:475,09:09:36:180,09:12:50:291,False,2,123,5,0,09:09:54:731,09:10:22:843,28111,False,True,,,,,,
20250616-0002,20250616,True,CUG 02,1,09:09:36:180,20,1,09:09:47:008,09:09:38:382,21,1,09:09:47:475,09:09:36:180,09:12:50:291,False,2,123,8,1,09:10:37:073,09:11:10:107,33033,True,False,,,,,,
20250616-0003,20250616,True,CUG 03,0,09:16:43:488,13,3,09:17:01:257,09:16:43:338,13,3,09:17:01:490,09:16:43:338,09:20:16:585,False,0,123,,,,,,,,,
20250616-0003,20250616,True,CUG 03,0,09:16:43:488,13,3,09:17:01:257,09:16:43:338,13,3,09:17:01:490,09:16:43:338,09:20:16:585,False,0,123,4,0,09:17:08:797,09:17:16:355,7557,True,False,,,,,,
20250616-0003,20250616,True,CUG 03,0,09:16:43:488,13,3,09:17:01:257,09:16:43:338,13,3,09:17:01:490,09:16:43:338,09:20:16:585,False,0,123,4,0,09:17:22:244,09:18:15:298,53052,False,True,,,,,,
20250616-0003,20250616,True,CUG 03,0,09:16:43:488,13,3,09:17:01:257,09:16:43:338,13,3,09:17:01:490,09:16:43:338,09:20:16:585,False,0,123,9,1,09:18:24:840,09:18:37:252,12411,True,False,,,,,,
20250616-0003,20250616,True,CUG 03,0,09:16:43:488,13,3,09:17:01:257,09:16:43:338,13,3,09:17:01:490,09:16:43:338,09:20:16:585,False,0,123,9,1,09:18:45:210,09:19:01:110,15899,True,False,,,,,,
20250616-0003,20250616,True,CUG 03,0,09:16:43:488,13,3,09:17:01:257,09:16:43:338,13,3,09:17:01:490,09:16:43:338,09:20:16:585,False,0,123,9,1,09:19:06:898,09:20:13:081,66182,True,False,,,,,,
20250616-0004,20250616,True,CUG 04,0,09:21:07:986,14,1,09:21:37:798,09:20:58:710,14,1,09:21:23:251,09:20:58:710,09:24:37:112,False,1,123,,,,,,,,,
20250616-0004,20250616,True,CUG 04,0,09:21:07:986,14,1,09:21:37:798,09:20:58:710,14,1,09:21:23:251,09:20:58:710,09:24:37:112,False,1,123,3,0,09:21:47:441,09:22:21:160,33717,False,True,,,,,,
20250616-0004,20250616,True,CUG 04,0,09:21:07:986,14,1,09:21:37:798,09:20:58:710,14,1,09:21:23:251,09:20:58:710,09:24:37:112,False,1,123,3,0,09:22:32:070,09:22:44:850,12779,False,True,,,,,,
20250616-0004,20250616,True,CUG 04,0,09:21:07:986,14,1,09:21:37:798,09:20:58:710,14,1,09:21:23:251,09:20:58:710,09:24:37:112,False,1,123,3,0,09:22:50:838,09:22:58:963,8124,False,True,,,,,,
20250616-0004,20250616,True,CUG 04,0,09:21:07:986,14,1,09:21:37:798,09:20:58:710,14,1,09:21:23:251,09:20:58:710,09:24:37:112,False,1,123,8,1,09:23:23:488,09:23:45:243,21755,True,False,,,,,,
20250616-0004,20250616,True,CUG 04,0,09:21:07:986,14,1,09:21:37:798,09:20:58:710,14,1,09:21:23:251,09:20:58:710,09:24:37:112,False,1,123,8,1,09:23:51:399,09:24:19:678,28278,False,True,,,,,,
20250616-0004,20250616,True,CUG 04,0,09:21:07:986,14,1,09:21:37:798,09:20:58:710,14,1,09:21:23:251,09:20:58:710,09:24:37:112,False,1,123,10,2,09:24:29:137,,0,False,False,,,,,,
20250616-0005,20250616,True,CUG 05,0,09:26:12:973,1,1,09:26:23:217,09:26:00:861,100,1,09:26:08:618,09:26:00:861,09:32:02:489,True,0,123,,,,,,,,,
20250616-0005,20250616,True,CUG 05,0,09:26:12:973,1,1,09:26:23:217,09:26:00:861,100,1,09:26:08:618,09:26:00:861,09:32:02:489,True,0,123,2,0,09:26:30:040,09:27:05:643,35602,False,True,,,,,,
20250616-0005,20250616,True,CUG 05,0,09:26:12:973,1,1,09:26:23:217,09:26:00:861,100,1,09:26:08:618,09:26:00:861,09:32:02:489,True,0,123,2,0,09:27:18:922,09:27:19:540,617,True,False,,,,,,
20250616-0005,20250616,True,CUG 05,0,09:26:12:973,1,1,09:26:23:217,09:26:00:861,100,1,09:26:08:618,09:26:00:861,09:32:02:489,True,0,123,2,0,09:27:27:231,09:27:28:249,1017,True,False,,,,,,
20250616-0005,20250616,True,CUG 05,0,09:26:12:973,1,1,09:26:23:217,09:26:00:861,100,1,09:26:08:618,09:26:00:861,09:32:02:489,True,0,123,2,0,09:27:33:970,09:27:34:487,516,True,False,,,,,,
20250616-0005,20250616,True,CUG 05,0,09:26:12:973,1,1,09:26:23:217,09:26:00:861,100,1,09:26:08:618,09:26:00:861,09:32:02:489,True,0,123,2,0,09:27:39:009,09:27:50:670,11661,True,False,,,,,,
20250616-0005,20250616,True,CUG 05,0,09:26:12:973,1,1,09:26:23:217,09:26:00:861,100,1,09:26:08:618,09:26:00:861,09:32:02:489,True,0,123,2,0,09:27:55:741,09:27:57:443,1701,True,False,,,,,,
20250616-0005,20250616,True,CUG 05,0,09:26:12:973,1,1,09:26:23:217,09:26:00:861,100,1,09:26:08:618,09:26:00:861,09:32:02:489,True,0,123,2,0,09:28:01:997,09:28:13:093,11094,True,False,,,,,,
20250616-0005,20250616,True,CUG 05,0,09:26:12:973,1,1,09:26:23:217,09:26:00:861,100,1,09:26:08:618,09:26:00:861,09:32:02:489,True,0,123,2,0,09:28:17:647,09:28:19:300,1651,True,False,,,,,,
20250616-0005,20250616,True,CUG 05,0,09:26:12:973,1,1,09:26:23:217,09:26:00:861,100,1,09:26:08:618,09:26:00:861,09:32:02:489,True,0,123,2,0,09:28:23:787,09:28:26:056,2268,True,False,,,,,,
20250616-0005,20250616,True,CUG 05,0,09:26:12:973,1,1,09:26:23:217,09:26:00:861,100,1,09:26:08:618,09:26:00:861,09:32:02:489,True,0,123,2,0,09:28:30:643,09:28:52:282,21638,False,True,,,,,,
20250616-0005,20250616,True,CUG 05,0,09:26:12:973,1,1,09:26:23:217,09:26:00:861,100,1,09:26:08:618,09:26:00:861,09:32:02:489,True,0,123,9,1,09:29:06:329,09:29:22:829,16499,True,False,,,,,,
20250616-0005,20250616,True,CUG 05,0,09:26:12:973,1,1,09:26:23:217,09:26:00:861,100,1,09:26:08:618,09:26:00:861,09:32:02:489,True,0,123,9,1,09:29:29:602,09:29:47:620,18017,True,False,,,,,,
20250616-0005,20250616,True,CUG 05,0,09:26:12:973,1,1,09:26:23:217,09:26:00:861,100,1,09:26:08:618,09:26:00:861,09:32:02:489,True,0,123,9,1,09:29:52:942,09:30:12:830,19886,False,True,,,,,,
20250616-0005,20250616,True,CUG 05,0,09:26:12:973,1,1,09:26:23:217,09:26:00:861,100,1,09:26:08:618,09:26:00:861,09:32:02:489,True,0,123,10,2,09:30:21:704,09:30:35:051,13346,False,True,,,,,,
20250616-0005,20250616,True,CUG 05,0,09:26:12:973,1,1,09:26:23:217,09:26:00:861,100,1,09:26:08:618,09:26:00:861,09:32:02:489,True,0,123,10,2,09:30:41:324,09:30:46:262,4938,False,True,,,,,,
20250616-0005,20250616,True,CUG 05,0,09:26:12:973,1,1,09:26:23:217,09:26:00:861,100,1,09:26:08:618,09:26:00:861,09:32:02:489,True,0,123,10,2,09:30:52:936,09:30:57:674,4737,False,True,,,,,,
20250616-0005,20250616,True,CUG 05,0,09:26:12:973,1,1,09:26:23:217,09:26:00:861,100,1,09:26:08:618,09:26:00:861,09:32:02:489,True,0,123,10,2,09:31:03:863,09:31:08:034,4170,False,True,,,,,,
20250616-0005,20250616,True,CUG 05,0,09:26:12:973,1,1,09:26:23:217,09:26:00:861,100,1,09:26:08:618,09:26:00:861,09:32:02:489,True,0,123,10,2,09:31:13:572,09:31:20:163,6589,False,True,,,,,,
20250616-0005,20250616,True,CUG 05,0,09:26:12:973,1,1,09:26:23:217,09:26:00:861,100,1,09:26:08:618,09:26:00:861,09:32:02:489,True,0,123,13,3,09:31:28:522,09:31:29:239,717,True,False,,,,,,
20250616-0005,20250616,True,CUG 05,0,09:26:12:973,1,1,09:26:23:217,09:26:00:861,100,1,09:26:08:618,09:26:00:861,09:32:02:489,True,0,123,13,3,09:31:34:393,09:31:59:568,25175,True,False,,,,,,
20250616-0006,20250616,True,CUG 06,0,09:35:08:774,2,3,09:35:16:098,09:34:38:877,69,2,09:35:05:020,09:34:38:877,09:38:27:805,False,0,123,,,,,,,,,
20250616-0006,20250616,True,CUG 06,0,09:35:08:774,2,3,09:35:16:098,09:34:38:877,69,2,09:35:05:020,09:34:38:877,09:38:27:805,False,0,123,5,0,09:35:22:971,09:36:01:126,38154,False,True,,,,,,
20250616-0006,20250616,True,CUG 06,0,09:35:08:774,2,3,09:35:16:098,09:34:38:877,69,2,09:35:05:020,09:34:38:877,09:38:27:805,False,0,123,8,1,09:36:09:734,09:36:46:971,37237,False,True,,,,,,
20250616-0006,20250616,True,CUG 06,0,09:35:08:774,2,3,09:35:16:098,09:34:38:877,69,2,09:35:05:020,09:34:38:877,09:38:27:805,False,0,123,8,1,09:36:55:513,09:37:30:499,34984,False,True,,,,,,
20250616-0006,20250616,True,CUG 06,0,09:35:08:774,2,3,09:35:16:098,09:34:38:877,69,2,09:35:05:020,09:34:38:877,09:38:27:805,False,0,123,11,2,09:37:39:591,09:37:47:731,8141,True,False,,,,,,
20250616-0006,20250616,True,CUG 06,0,09:35:08:774,2,3,09:35:16:098,09:34:38:877,69,2,09:35:05:020,09:34:38:877,09:38:27:805,False,0,123,11,2,09:37:52:738,09:37:56:157,3419,True,False,,,,,,
20250616-0006,20250616,True,CUG 06,0,09:35:08:774,2,3,09:35:16:098,09:34:38:877,69,2,09:35:05:020,09:34:38:877,09:38:27:805,False,0,123,11,2,09:38:01:095,09:38:25:503,24407,True,False,,,,,,
20250616-0007,20250616,True,CUG 07,0,09:38:32:761,100,3,09:38:43:839,09:38:33:562,8,3,09:38:46:023,09:38:32:761,09:41:16:057,True,0,123,,,,,,,,,
20250616-0007,20250616,True,CUG 07,0,09:38:32:761,100,3,09:38:43:839,09:38:33:562,8,3,09:38:46:023,09:38:32:761,09:41:16:057,True,0,123,3,0,09:38:53:147,09:39:15:670,22522,False,True,,,,,,
20250616-0007,20250616,True,CUG 07,0,09:38:32:761,100,3,09:38:43:839,09:38:33:562,8,3,09:38:46:023,09:38:32:761,09:41:16:057,True,0,123,8,1,09:39:23:143,09:39:28:532,5388,True,False,,,,,,
20250616-0007,20250616,True,CUG 07,0,09:38:32:761,100,3,09:38:43:839,09:38:33:562,8,3,09:38:46:023,09:38:32:761,09:41:16:057,True,0,123,8,1,09:39:34:438,09:39:50:805,16366,False,True,,,,,,
20250616-0007,20250616,True,CUG 07,0,09:38:32:761,100,3,09:38:43:839,09:38:33:562,8,3,09:38:46:023,09:38:32:761,09:41:16:057,True,0,123,10,2,09:40:02:817,09:40:08:572,5755,True,False,,,,,,
20250616-0007,20250616,True,CUG 07,0,09:38:32:761,100,3,09:38:43:839,09:38:33:562,8,3,09:38:46:023,09:38:32:761,09:41:16:057,True,0,123,10,2,09:40:13:444,09:40:19:901,6456,False,True,,,,,,
20250616-0007,20250616,True,CUG 07,0,09:38:32:761,100,3,09:38:43:839,09:38:33:562,8,3,09:38:46:023,09:38:32:761,09:41:16:057,True,0,123,12,3,09:40:28:291,09:40:28:893,600,True,False,,,,,,
20250616-0007,20250616,True,CUG 07,0,09:38:32:761,100,3,09:38:43:839,09:38:33:562,8,3,09:38:46:023,09:38:32:761,09:41:16:057,True,0,123,12,3,09:40:34:031,09:41:09:701,35668,False,True,,,,,,
20250616-0008,20250616,True,CUG 08,0,09:41:20:327,100,3,09:41:26:784,09:41:21:011,3,3,09:41:26:234,09:41:20:327,09:50:00:747,True,0,123,,,,,,,,,
20250616-0008,20250616,True,CUG 08,0,09:41:20:327,100,3,09:41:26:784,09:41:21:011,3,3,09:41:26:234,09:41:20:327,09:50:00:747,True,0,123,7,0,09:41:33:323,09:41:33:791,466,True,False,,,,,,
20250616-0008,20250616,True,CUG 08,0,09:41:20:327,100,3,09:41:26:784,09:41:21:011,3,3,09:41:26:234,09:41:20:327,09:50:00:747,True,0,123,7,0,09:41:38:512,09:41:49:590,11077,False,True,,,,,,
20250616-0008,20250616,True,CUG 08,0,09:41:20:327,100,3,09:41:26:784,09:41:21:011,3,3,09:41:26:234,09:41:20:327,09:50:00:747,True,0,123,7,0,09:41:55:062,09:41:56:947,1884,True,False,,,,,,
20250616-0008,20250616,True,CUG 08,0,09:41:20:327,100,3,09:41:26:784,09:41:21:011,3,3,09:41:26:234,09:41:20:327,09:50:00:747,True,0,123,7,0,09:42:01:818,09:42:04:455,2635,True,False,,,,,,
20250616-0008,20250616,True,CUG 08,0,09:41:20:327,100,3,09:41:26:784,09:41:21:011,3,3,09:41:26:234,09:41:20:327,09:50:00:747,True,0,123,7,0,09:42:09:359,09:42:13:397,4037,True,False,,,,,,
20250616-0008,20250616,True,CUG 08,0,09:41:20:327,100,3,09:41:26:784,09:41:21:011,3,3,09:41:26:234,09:41:20:327,09:50:00:747,True,0,123,7,0,09:42:19:035,09:42:20:187,1151,True,False,,,,,,
20250616-0008,20250616,True,CUG 08,0,09:41:20:327,100,3,09:41:26:784,09:41:21:011,3,3,09:41:26:234,09:41:20:327,09:50:00:747,True,0,123,7,0,09:42:24:775,09:42:39:022,14247,False,True,,,,,,
20250616-0008,20250616,True,CUG 08,0,09:41:20:327,100,3,09:41:26:784,09:41:21:011,3,3,09:41:26:234,09:41:20:327,09:50:00:747,True,0,123,8,1,09:42:52:820,09:43:07:485,14664,False,True,,,,,,
20250616-0008,20250616,True,CUG 08,0,09:41:20:327,100,3,09:41:26:784,09:41:21:011,3,3,09:41:26:234,09:41:20:327,09:50:00:747,True,0,123,10,2,09:43:19:796,09:43:25:187,5388,False,True,,,,,,
20250616-0008,20250616,True,CUG 08,0,09:41:20:327,100,3,09:41:26:784,09:41:21:011,3,3,09:41:26:234,09:41:20:327,09:50:00:747,True,0,123,10,2,09:43:30:675,09:43:36:380,5705,False,True,,,,,,
20250616-0008,20250616,True,CUG 08,0,09:41:20:327,100,3,09:41:26:784,09:41:21:011,3,3,09:41:26:234,09:41:20:327,09:50:00:747,True,0,123,10,2,09:43:41:567,09:43:47:908,6339,False,True,,,,,,
20250616-0008,20250616,True,CUG 08,0,09:41:20:327,100,3,09:41:26:784,09:41:21:011,3,3,09:41:26:234,09:41:20:327,09:50:00:747,True,0,123,10,2,09:43:52:629,09:43:56:416,3787,True,False,,,,,,
20250616-0008,20250616,True,CUG 08,0,09:41:20:327,100,3,09:41:26:784,09:41:21:011,3,3,09:41:26:234,09:41:20:327,09:50:00:747,True,0,123,10,2,09:44:01:288,09:44:06:010,4721,False,True,,,,,,
20250616-0008,20250616,True,CUG 08,0,09:41:20:327,100,3,09:41:26:784,09:41:21:011,3,3,09:41:26:234,09:41:20:327,09:50:00:747,True,0,123,10,2,09:44:10:981,09:44:15:286,4304,False,True,,,,,,
20250616-0008,20250616,True,CUG 08,0,09:41:20:327,100,3,09:41:26:784,09:41:21:011,3,3,09:41:26:234,09:41:20:327,09:50:00:747,True,0,123,10,2,09:44:20:024,09:44:24:928,4904,False,True,,,,,,
20250616-0008,20250616,True,CUG 08,0,09:41:20:327,100,3,09:41:26:784,09:41:21:011,3,3,09:41:26:234,09:41:20:327,09:50:00:747,True,0,123,10,2,09:44:29:616,09:44:34:304,4687,False,True,,,,,,
20250616-0008,20250616,True,CUG 08,0,09:41:20:327,100,3,09:41:26:784,09:41:21:011,3,3,09:41:26:234,09:41:20:327,09:50:00:747,True,0,123,10,2,09:44:39:660,09:44:43:897,4237,False,True,,,,,,
20250616-0008,20250616,True,CUG 08,0,09:41:20:327,100,3,09:41:26:784,09:41:21:011,3,3,09:41:26:234,09:41:20:327,09:50:00:747,True,0,123,10,2,09:44:53:222,09:44:58:012,4787,False,True,,,,,,
20250616-0008,20250616,True,CUG 08,0,09:41:20:327,100,3,09:41:26:784,09:41:21:011,3,3,09:41:26:234,09:41:20:327,09:50:00:747,True,0,123,10,2,09:45:02:698,09:45:06:821,4120,False,True,,,,,,
20250616-0008,20250616,True,CUG 08,0,09:41:20:327,100,3,09:41:26:784,09:41:21:011,3,3,09:41:26:234,09:41:20:327,09:50:00:747,True,0,123,10,2,09:45:12:558,09:45:16:013,3453,False,True,,,,,,
20250616-0008,20250616,True,CUG 08,0,09:41:20:327,100,3,09:41:26:784,09:41:21:011,3,3,09:41:26:234,09:41:20:327,09:50:00:747,True,0,123,10,2,09:45:26:757,09:45:36:049,9292,False,True,,,,,,
20250616-0008,20250616,True,CUG 08,0,09:41:20:327,100,3,09:41:26:784,09:41:21:011,3,3,09:41:26:234,09:41:20:327,09:50:00:747,True,0,123,10,2,09:45:41:321,09:45:47:928,6607,False,True,,,,,,
20250616-0008,20250616,True,CUG 08,0,09:41:20:327,100,3,09:41:26:784,09:41:21:011,3,3,09:41:26:234,09:41:20:327,09:50:00:747,True,0,123,10,2,09:45:52:681,09:45:57:855,5171,False,True,,,,,,
20250616-0008,20250616,True,CUG 08,0,09:41:20:327,100,3,09:41:26:784,09:41:21:011,3,3,09:41:26:234,09:41:20:327,09:50:00:747,True,0,123,10,2,09:46:03:393,09:46:07:531,4137,False,True,,,,,,
20250616-0008,20250616,True,CUG 08,0,09:41:20:327,100,3,09:41:26:784,09:41:21:011,3,3,09:41:26:234,09:41:20:327,09:50:00:747,True,0,123,10,2,09:46:12:835,09:46:20:426,7591,True,False,,,,,,
20250616-0008,20250616,True,CUG 08,0,09:41:20:327,100,3,09:41:26:784,09:41:21:011,3,3,09:41:26:234,09:41:20:327,09:50:00:747,True,0,123,10,2,09:46:25:131,09:46:29:620,4487,False,True,,,,,,
20250616-0008,20250616,True,CUG 08,0,09:41:20:327,100,3,09:41:26:784,09:41:21:011,3,3,09:41:26:234,09:41:20:327,09:50:00:747,True,0,123,10,2,09:46:34:241,09:46:38:495,4254,False,True,,,,,,
20250616-0008,20250616,True,CUG 08,0,09:41:20:327,100,3,09:41:26:784,09:41:21:011,3,3,09:41:26:234,09:41:20:327,09:50:00:747,True,0,123,10,2,09:46:44:066,09:46:48:205,4137,False,True,,,,,,
20250616-0008,20250616,True,CUG 08,0,09:41:20:327,100,3,09:41:26:784,09:41:21:011,3,3,09:41:26:234,09:41:20:327,09:50:00:747,True,0,123,10,2,09:46:53:509,09:46:57:047,3536,False,True,,,,,,
20250616-0008,20250616,True,CUG 08,0,09:41:20:327,100,3,09:41:26:784,09:41:21:011,3,3,09:41:26:234,09:41:20:327,09:50:00:747,True,0,123,10,2,09:47:03:870,09:47:07:474,3603,False,True,,,,,,
20250616-0008,20250616,True,CUG 08,0,09:41:20:327,100,3,09:41:26:784,09:41:21:011,3,3,09:41:26:234,09:41:20:327,09:50:00:747,True,0,123,10,2,09:47:12:494,09:47:16:783,4287,False,True,,,,,,
20250616-0008,20250616,True,CUG 08,0,09:41:20:327,100,3,09:41:26:784,09:41:21:011,3,3,09:41:26:234,09:41:20:327,09:50:00:747,True,0,123,10,2,09:47:21:470,09:47:25:108,3636,False,True,,,,,,
20250616-0008,20250616,True,CUG 08,0,09:41:20:327,100,3,09:41:26:784,09:41:21:011,3,3,09:41:26:234,09:41:20:327,09:50:00:747,True,0,123,10,2,09:47:34:416,09:47:37:320,2902,True,False,,,,,,
20250616-0008,20250616,True,CUG 08,0,09:41:20:327,100,3,09:41:26:784,09:41:21:011,3,3,09:41:26:234,09:41:20:327,09:50:00:747,True,0,123,10,2,09:47:42:292,09:47:46:929,4638,True,False,,,,,,
20250616-0008,20250616,True,CUG 08,0,09:41:20:327,100,3,09:41:26:784,09:41:21:011,3,3,09:41:26:234,09:41:20:327,09:50:00:747,True,0,123,10,2,09:47:51:968,09:47:55:455,3486,False,True,,,,,,
20250616-0008,20250616,True,CUG 08,0,09:41:20:327,100,3,09:41:26:784,09:41:21:011,3,3,09:41:26:234,09:41:20:327,09:50:00:747,True,0,123,10,2,09:48:01:026,09:48:04:396,3370,False,True,,,,,,
20250616-0008,20250616,True,CUG 08,0,09:41:20:327,100,3,09:41:26:784,09:41:21:011,3,3,09:41:26:234,09:41:20:327,09:50:00:747,True,0,123,10,2,09:48:10:436,09:48:16:276,5839,True,False,,,,,,
20250616-0008,20250616,True,CUG 08,0,09:41:20:327,100,3,09:41:26:784,09:41:21:011,3,3,09:41:26:234,09:41:20:327,09:50:00:747,True,0,123,10,2,09:48:21:480,09:48:24:968,3487,True,False,,,,,,
20250616-0008,20250616,True,CUG 08,0,09:41:20:327,100,3,09:41:26:784,09:41:21:011,3,3,09:41:26:234,09:41:20:327,09:50:00:747,True,0,123,10,2,09:48:29:655,09:48:35:194,5538,True,False,,,,,,
20250616-0008,20250616,True,CUG 08,0,09:41:20:327,100,3,09:41:26:784,09:41:21:011,3,3,09:41:26:234,09:41:20:327,09:50:00:747,True,0,123,10,2,09:48:40:300,09:48:44:070,3770,False,True,,,,,,
20250616-0008,20250616,True,CUG 08,0,09:41:20:327,100,3,09:41:26:784,09:41:21:011,3,3,09:41:26:234,09:41:20:327,09:50:00:747,True,0,123,10,2,09:48:48:774,09:48:52:462,3686,False,True,,,,,,
20250616-0008,20250616,True,CUG 08,0,09:41:20:327,100,3,09:41:26:784,09:41:21:011,3,3,09:41:26:234,09:41:20:327,09:50:00:747,True,0,123,10,2,09:48:57:483,09:49:02:605,5122,True,False,,,,,,
20250616-0008,20250616,True,CUG 08,0,09:41:20:327,100,3,09:41:26:784,09:41:21:011,3,3,09:41:26:234,09:41:20:327,09:50:00:747,True,0,123,10,2,09:49:07:827,09:49:12:682,4854,False,True,,,,,,
20250616-0008,20250616,True,CUG 08,0,09:41:20:327,100,3,09:41:26:784,09:41:21:011,3,3,09:41:26:234,09:41:20:327,09:50:00:747,True,0,123,10,2,09:49:19:571,09:49:25:379,5805,False,True,,,,,,
20250616-0008,20250616,True,CUG 08,0,09:41:20:327,100,3,09:41:26:784,09:41:21:011,3,3,09:41:26:234,09:41:20:327,09:50:00:747,True,0,123,10,2,09:49:30:465,09:49:34:637,4170,False,True,,,,,,
20250616-0008,20250616,True,CUG 08,0,09:41:20:327,100,3,09:41:26:784,09:41:21:011,3,3,09:41:26:234,09:41:20:327,09:50:00:747,True,0,123,10,2,09:49:40:008,09:49:47:450,7441,True,False,,,,,,
20250616-0008,20250616,True,CUG 08,0,09:41:20:327,100,3,09:41:26:784,09:41:21:011,3,3,09:41:26:234,09:41:20:327,09:50:00:747,True,0,123,10,2,09:49:53:055,09:49:58:493,5438,True,False,,,,,,
20250616-0009,20250616,True,CUG 09,0,09:52:42:340,10,1,09:52:56:237,09:52:35:116,11,1,09:52:49:514,09:52:35:116,09:54:40:608,False,0,123,,,,,,,,,
20250616-0009,20250616,True,CUG 09,0,09:52:42:340,10,1,09:52:56:237,09:52:35:116,11,1,09:52:49:514,09:52:35:116,09:54:40:608,False,0,123,2,0,09:53:03:344,09:53:06:514,3169,True,False,,,,,,
20250616-0009,20250616,True,CUG 09,0,09:52:42:340,10,1,09:52:56:237,09:52:35:116,11,1,09:52:49:514,09:52:35:116,09:54:40:608,False,0,123,2,0,09:53:13:804,09:54:26:861,73056,True,False,,,,,,
20250616-0010,20250616,True,CUG 10,0,09:54:58:075,100,2,09:55:17:527,09:54:59:760,0,3,09:55:22:600,09:54:58:075,09:56:37:959,False,0,123,,,,,,,,,
20250616-0010,20250616,True,CUG 10,0,09:54:58:075,100,2,09:55:17:527,09:54:59:760,0,3,09:55:22:600,09:54:58:075,09:56:37:959,False,0,123,3,0,09:55:28:922,09:55:32:010,3086,True,False,,,,,,
20250616-0010,20250616,True,CUG 10,0,09:54:58:075,100,2,09:55:17:527,09:54:59:760,0,3,09:55:22:600,09:54:58:075,09:56:37:959,False,0,123,3,0,09:55:37:164,09:55:47:775,10610,True,False,,,,,,
20250616-0010,,,,,,,,,,,,,,,,,,3,,,,,,,09:55:39:884,1,,,,
20250616-0010,,,,,,,,,,,,,,,,,,3,,,,,,,09:55:40:168,0,,,,
20250616-0010,,,,,,,,,,,,,,,,,,3,,,,,,,09:55:41:519,1,,,,
20250616-0010,,,,,,,,,,,,,,,,,,3,,,,,,,09:55:41:802,0,,,,
20250616-0010,20250616,True,CUG 10,0,09:54:58:075,100,2,09:55:17:527,09:54:59:760,0,3,09:55:22:600,09:54:58:075,09:56:37:959,False,0,123,3,0,09:55:53:465,09:55:54:382,917,True,False,,,,,,
20250616-0010,20250616,True,CUG 10,0,09:54:58:075,100,2,09:55:17:527,09:54:59:760,0,3,09:55:22:600,09:54:58:075,09:56:37:959,False,0,123,3,0,09:56:01:289,09:56:11:048,9759,True,False,,,,,,
20250616-0010,,,,,,,,,,,,,,,,,,3,,,,,,,09:56:10:047,1,,,,
20250616-0010,20250616,True,CUG 10,0,09:54:58:075,100,2,09:55:17:527,09:54:59:760,0,3,09:55:22:600,09:54:58:075,09:56:37:959,False,0,123,3,0,09:56:16:236,09:56:34:588,18351,True,False,,,,,,
20250616-0011,20250616,True,CUG 11,0,09:56:42:864,11,2,09:56:50:421,09:56:44:998,100,3,09:56:53:340,09:56:42:864,09:58:32:173,False,0,123,,,,,,,,,
20250616-0011,20250616,True,CUG 11,0,09:56:42:864,11,2,09:56:50:421,09:56:44:998,100,3,09:56:53:340,09:56:42:864,09:58:32:173,False,0,123,3,0,09:56:59:463,09:57:03:835,4404,True,False,,,,,,
20250616-0011,20250616,True,CUG 11,0,09:56:42:864,11,2,09:56:50:421,09:56:44:998,100,3,09:56:53:340,09:56:42:864,09:58:32:173,False,0,123,3,0,09:57:09:623,09:57:49:213,39589,False,True,,,,,,
20250616-0011,20250616,True,CUG 11,0,09:56:42:864,11,2,09:56:50:421,09:56:44:998,100,3,09:56:53:340,09:56:42:864,09:58:32:173,False,0,123,8,1,09:58:01:925,09:58:15:388,13463,True,False,,,,,,
20250616-0011,20250616,True,CUG 11,0,09:56:42:864,11,2,09:56:50:421,09:56:44:998,100,3,09:56:53:340,09:56:42:864,09:58:32:173,False,0,123,8,1,09:58:22:062,09:58:30:770,8708,True,False,,,,,,
20250616-0012,20250616,True,CUG 12,0,09:58:36:976,11,3,09:58:47:003,09:58:36:760,11,3,09:58:44:902,09:58:36:760,10:02:38:535,False,0,123,,,,,,,,,
20250616-0012,20250616,True,CUG 12,0,09:58:36:976,11,3,09:58:47:003,09:58:36:760,11,3,09:58:44:902,09:58:36:760,10:02:38:535,False,0,123,7,0,09:58:53:493,09:59:30:597,37103,False,True,,,,,,
20250616-0012,20250616,True,CUG 12,0,09:58:36:976,11,3,09:58:47:003,09:58:36:760,11,3,09:58:44:902,09:58:36:760,10:02:38:535,False,0,123,7,0,09:59:47:814,09:59:52:568,4754,True,False,,,,,,
20250616-0012,20250616,True,CUG 12,0,09:58:36:976,11,3,09:58:47:003,09:58:36:760,11,3,09:58:44:902,09:58:36:760,10:02:38:535,False,0,123,7,0,09:59:57:940,10:00:25:002,27060,False,True,,,,,,
20250616-0012,20250616,True,CUG 12,0,09:58:36:976,11,3,09:58:47:003,09:58:36:760,11,3,09:58:44:902,09:58:36:760,10:02:38:535,False,0,123,7,0,10:00:38:581,10:00:41:817,3236,True,False,,,,,,
20250616-0012,20250616,True,CUG 12,0,09:58:36:976,11,3,09:58:47:003,09:58:36:760,11,3,09:58:44:902,09:58:36:760,10:02:38:535,False,0,123,7,0,10:00:46:872,10:00:58:417,11544,True,False,,,,,,
20250616-0012,20250616,True,CUG 12,0,09:58:36:976,11,3,09:58:47:003,09:58:36:760,11,3,09:58:44:902,09:58:36:760,10:02:38:535,False,0,123,7,0,10:01:02:939,10:02:00:180,57190,False,True,,,,,,
20250616-0012,20250616,True,CUG 12,0,09:58:36:976,11,3,09:58:47:003,09:58:36:760,11,3,09:58:44:902,09:58:36:760,10:02:38:535,False,0,123,8,1,10:02:09:305,10:02:15:011,5705,True,False,,,,,,
20250616-0012,20250616,True,CUG 12,0,09:58:36:976,11,3,09:58:47:003,09:58:36:760,11,3,09:58:44:902,09:58:36:760,10:02:38:535,False,0,123,8,1,10:02:20:115,10:02:36:715,16599,True,False,,,,,,
20250616-0013,20250616,True,CUG 13,0,10:02:42:438,11,3,10:02:56:185,10:02:42:354,11,3,10:02:56:218,10:02:42:354,10:08:00:256,False,0,123,,,,,,,,,
20250616-0013,20250616,True,CUG 13,0,10:02:42:438,11,3,10:02:56:185,10:02:42:354,11,3,10:02:56:218,10:02:42:354,10:08:00:256,False,0,123,7,0,10:03:02:608,10:03:08:380,5772,True,False,,,,,,
20250616-0013,20250616,True,CUG 13,0,10:02:42:438,11,3,10:02:56:185,10:02:42:354,11,3,10:02:56:218,10:02:42:354,10:08:00:256,False,0,123,7,0,10:03:12:835,10:03:33:206,20369,False,True,,,,,,
20250616-0013,20250616,True,CUG 13,0,10:02:42:438,11,3,10:02:56:185,10:02:42:354,11,3,10:02:56:218,10:02:42:354,10:08:00:256,False,0,123,7,0,10:03:47:753,10:03:48:253,500,True,False,,,,,,
20250616-0013,20250616,True,CUG 13,0,10:02:42:438,11,3,10:02:56:185,10:02:42:354,11,3,10:02:56:218,10:02:42:354,10:08:00:256,False,0,123,7,0,10:03:52:741,10:04:07:657,14914,False,True,,,,,,
20250616-0013,20250616,True,CUG 13,0,10:02:42:438,11,3,10:02:56:185,10:02:42:354,11,3,10:02:56:218,10:02:42:354,10:08:00:256,False,0,123,7,0,10:04:21:319,10:04:27:944,6623,True,False,,,,,,
20250616-0013,20250616,True,CUG 13,0,10:02:42:438,11,3,10:02:56:185,10:02:42:354,11,3,10:02:56:218,10:02:42:354,10:08:00:256,False,0,123,7,0,10:04:32:647,10:04:39:571,6923,True,False,,,,,,
20250616-0013,20250616,True,CUG 13,0,10:02:42:438,11,3,10:02:56:185,10:02:42:354,11,3,10:02:56:218,10:02:42:354,10:08:00:256,False,0,123,7,0,10:04:44:060,10:04:54:869,10810,True,False,,,,,,
20250616-0013,20250616,True,CUG 13,0,10:02:42:438,11,3,10:02:56:185,10:02:42:354,11,3,10:02:56:218,10:02:42:354,10:08:00:256,False,0,123,7,0,10:05:04:280,10:05:18:645,14364,False,True,,,,,,
20250616-0013,20250616,True,CUG 13,0,10:02:42:438,11,3,10:02:56:185,10:02:42:354,11,3,10:02:56:218,10:02:42:354,10:08:00:256,False,0,123,7,0,10:05:30:922,10:05:42:334,11411,False,True,,,,,,
20250616-0013,20250616,True,CUG 13,0,10:02:42:438,11,3,10:02:56:185,10:02:42:354,11,3,10:02:56:218,10:02:42:354,10:08:00:256,False,0,123,7,0,10:05:56:715,10:06:03:054,6339,True,False,,,,,,
20250616-0013,20250616,True,CUG 13,0,10:02:42:438,11,3,10:02:56:185,10:02:42:354,11,3,10:02:56:218,10:02:42:354,10:08:00:256,False,0,123,7,0,10:06:10:829,10:06:12:697,1868,True,False,,,,,,
20250616-0013,20250616,True,CUG 13,0,10:02:42:438,11,3,10:02:56:185,10:02:42:354,11,3,10:02:56:218,10:02:42:354,10:08:00:256,False,0,123,7,0,10:06:22:390,10:06:25:927,3536,True,False,,,,,,
20250616-0013,20250616,True,CUG 13,0,10:02:42:438,11,3,10:02:56:185,10:02:42:354,11,3,10:02:56:218,10:02:42:354,10:08:00:256,False,0,123,7,0,10:06:30:332,10:06:33:485,3152,True,False,,,,,,
20250616-0013,20250616,True,CUG 13,0,10:02:42:438,11,3,10:02:56:185,10:02:42:354,11,3,10:02:56:218,10:02:42:354,10:08:00:256,False,0,123,7,0,10:06:38:073,10:06:40:558,2485,True,False,,,,,,
20250616-0013,20250616,True,CUG 13,0,10:02:42:438,11,3,10:02:56:185,10:02:42:354,11,3,10:02:56:218,10:02:42:354,10:08:00:256,False,0,123,7,0,10:06:44:979,10:06:52:087,7107,True,False,,,,,,
20250616-0013,20250616,True,CUG 13,0,10:02:42:438,11,3,10:02:56:185,10:02:42:354,11,3,10:02:56:218,10:02:42:354,10:08:00:256,False,0,123,7,0,10:06:58:026,10:06:59:411,1384,True,False,,,,,,
20250616-0013,20250616,True,CUG 13,0,10:02:42:438,11,3,10:02:56:185,10:02:42:354,11,3,10:02:56:218,10:02:42:354,10:08:00:256,False,0,123,7,0,10:07:05:082,10:07:18:047,12963,False,True,,,,,,
20250616-0013,20250616,True,CUG 13,0,10:02:42:438,11,3,10:02:56:185,10:02:42:354,11,3,10:02:56:218,10:02:42:354,10:08:00:256,False,0,123,7,0,10:07:27:923,10:07:37:983,10059,False,True,,,,,,
20250616-0013,20250616,True,CUG 13,0,10:02:42:438,11,3,10:02:56:185,10:02:42:354,11,3,10:02:56:218,10:02:42:354,10:08:00:256,False,0,123,8,1,10:07:57:401,10:07:58:869,1468,True,False,,,,,,
20250616-0014,20250616,True,CUG 14,0,10:09:54:468,15,1,10:10:09:634,10:09:32:079,12,1,10:10:11:068,10:09:32:079,10:17:23:983,True,0,123,,,,,,,,,
20250616-0014,20250616,True,CUG 14,0,10:09:54:468,15,1,10:10:09:634,10:09:32:079,12,1,10:10:11:068,10:09:32:079,10:17:23:983,True,0,123,4,0,10:10:18:959,10:10:23:931,4971,True,False,,,,,,
20250616-0014,20250616,True,CUG 14,0,10:09:54:468,15,1,10:10:09:634,10:09:32:079,12,1,10:10:11:068,10:09:32:079,10:17:23:983,True,0,123,4,0,10:10:30:971,10:11:37:622,66649,False,True,,,,,,
20250616-0014,20250616,True,CUG 14,0,10:09:54:468,15,1,10:10:09:634,10:09:32:079,12,1,10:10:11:068,10:09:32:079,10:17:23:983,True,0,123,9,1,10:11:49:434,10:13:15:569,86135,False,True,,,,,,
20250616-0014,20250616,True,CUG 14,0,10:09:54:468,15,1,10:10:09:634,10:09:32:079,12,1,10:10:11:068,10:09:32:079,10:17:23:983,True,0,123,10,2,10:13:24:946,10:13:49:187,24240,False,True,,,,,,
20250616-0014,20250616,True,CUG 14,0,10:09:54:468,15,1,10:10:09:634,10:09:32:079,12,1,10:10:11:068,10:09:32:079,10:17:23:983,True,0,123,13,3,10:14:04:235,10:17:02:346,178110,False,True,,,,,,
20250616-0014,20250616,True,CUG 14,0,10:09:54:468,15,1,10:10:09:634,10:09:32:079,12,1,10:10:11:068,10:09:32:079,10:17:23:983,True,0,123,12,3,10:17:12:972,10:17:20:964,7991,True,False,,,,,,
20250616-0015,20250616,True,CUG 15,0,10:18:14:984,15,1,10:18:30:850,10:18:14:751,15,1,10:18:30:365,10:18:14:751,10:26:01:933,True,0,123,,,,,,,,,
20250616-0015,20250616,True,CUG 15,0,10:18:14:984,15,1,10:18:30:850,10:18:14:751,15,1,10:18:30:365,10:18:14:751,10:26:01:933,True,0,123,7,0,10:18:39:692,10:19:28:274,48581,False,True,,,,,,
20250616-0015,20250616,True,CUG 15,0,10:18:14:984,15,1,10:18:30:850,10:18:14:751,15,1,10:18:30:365,10:18:14:751,10:26:01:933,True,0,123,9,1,10:19:38:717,10:19:52:197,13479,True,False,,,,,,
20250616-0015,20250616,True,CUG 15,0,10:18:14:984,15,1,10:18:30:850,10:18:14:751,15,1,10:18:30:365,10:18:14:751,10:26:01:933,True,0,123,9,1,10:19:57:953,10:21:23:038,85084,False,True,,,,,,
20250616-0015,20250616,True,CUG 15,0,10:18:14:984,15,1,10:18:30:850,10:18:14:751,15,1,10:18:30:365,10:18:14:751,10:26:01:933,True,0,123,10,2,10:21:31:613,10:21:35:750,4137,True,False,,,,,,
20250616-0015,20250616,True,CUG 15,0,10:18:14:984,15,1,10:18:30:850,10:18:14:751,15,1,10:18:30:365,10:18:14:751,10:26:01:933,True,0,123,10,2,10:21:41:173,10:22:23:215,42041,False,True,,,,,,
20250616-0015,20250616,True,CUG 15,0,10:18:14:984,15,1,10:18:30:850,10:18:14:751,15,1,10:18:30:365,10:18:14:751,10:26:01:933,True,0,123,12,3,10:22:37:011,10:23:27:346,50333,False,True,,,,,,
20250616-0015,20250616,True,CUG 15,0,10:18:14:984,15,1,10:18:30:850,10:18:14:751,15,1,10:18:30:365,10:18:14:751,10:26:01:933,True,0,123,13,3,10:23:36:020,10:23:45:814,9792,True,False,,,,,,
20250616-0015,20250616,True,CUG 15,0,10:18:14:984,15,1,10:18:30:850,10:18:14:751,15,1,10:18:30:365,10:18:14:751,10:26:01:933,True,0,123,13,3,10:23:51:936,10:25:58:579,126642,False,True,,,,,,
20250616-0016,20250616,True,CUG 16,0,10:27:19:310,23,3,10:27:28:936,10:27:14:372,22,3,10:27:25:300,10:27:14:372,10:29:42:903,False,1,123,,,,,,,,,
20250616-0016,20250616,True,CUG 16,0,10:27:19:310,23,3,10:27:28:936,10:27:14:372,22,3,10:27:25:300,10:27:14:372,10:29:42:903,False,1,123,6,0,10:27:38:412,10:28:00:768,22355,False,True,,,,,,
20250616-0016,20250616,True,CUG 16,0,10:27:19:310,23,3,10:27:28:936,10:27:14:372,22,3,10:27:25:300,10:27:14:372,10:29:42:903,False,1,123,9,1,10:28:14:281,10:28:18:001,3720,True,False,,,,,,
20250616-0016,20250616,True,CUG 16,0,10:27:19:310,23,3,10:27:28:936,10:27:14:372,22,3,10:27:25:300,10:27:14:372,10:29:42:903,False,1,123,9,1,10:28:25:376,10:29:00:561,35184,False,True,,,,,,
20250616-0016,20250616,True,CUG 16,0,10:27:19:310,23,3,10:27:28:936,10:27:14:372,22,3,10:27:25:300,10:27:14:372,10:29:42:903,False,1,123,11,2,10:29:10:371,,0,False,False,,,,,,
20250616-0017,20250616,True,CUG 17,0,10:30:05:909,23,3,10:30:10:580,10:30:08:729,22,3,10:30:13:683,10:30:05:909,10:34:05:431,True,1,123,,,,,,,,,
20250616-0017,20250616,True,CUG 17,0,10:30:05:909,23,3,10:30:10:580,10:30:08:729,22,3,10:30:13:683,10:30:05:909,10:34:05:431,True,1,123,6,0,10:30:20:090,10:30:21:107,1017,True,False,,,,,,
20250616-0017,20250616,True,CUG 17,0,10:30:05:909,23,3,10:30:10:580,10:30:08:729,22,3,10:30:13:683,10:30:05:909,10:34:05:431,True,1,123,6,0,10:30:30:800,10:30:36:907,6105,False,True,,,,,,
20250616-0017,20250616,True,CUG 17,0,10:30:05:909,23,3,10:30:10:580,10:30:08:729,22,3,10:30:13:683,10:30:05:909,10:34:05:431,True,1,123,9,1,10:30:48:584,10:31:15:245,26659,False,True,,,,,,
20250616-0017,20250616,True,CUG 17,0,10:30:05:909,23,3,10:30:10:580,10:30:08:729,22,3,10:30:13:683,10:30:05:909,10:34:05:431,True,1,123,11,2,10:31:23:453,10:32:09:750,46296,False,True,,,,,,
20250616-0017,20250616,True,CUG 17,0,10:30:05:909,23,3,10:30:10:580,10:30:08:729,22,3,10:30:13:683,10:30:05:909,10:34:05:431,True,1,123,12,3,10:32:20:610,10:32:31:922,11310,True,False,,,,,,
20250616-0017,20250616,True,CUG 17,0,10:30:05:909,23,3,10:30:10:580,10:30:08:729,22,3,10:30:13:683,10:30:05:909,10:34:05:431,True,1,123,13,3,10:32:39:412,10:33:58:959,79545,False,True,,,,,,
20250616-0018,20250616,True,CUG 18,0,10:47:48:051,69,1,10:47:59:562,10:47:48:634,27,3,10:48:04:500,10:47:48:051,10:56:37:145,True,2,123,,,,,,,,,
20250616-0018,20250616,True,CUG 18,0,10:47:48:051,69,1,10:47:59:562,10:47:48:634,27,3,10:48:04:500,10:47:48:051,10:56:37:145,True,2,123,2,0,10:48:11:374,10:48:11:942,567,True,False,,,,,,
20250616-0018,20250616,True,CUG 18,0,10:47:48:051,69,1,10:47:59:562,10:47:48:634,27,3,10:48:04:500,10:47:48:051,10:56:37:145,True,2,123,2,0,10:48:17:480,10:48:37:984,20503,True,False,,,,,,
20250616-0018,,,,,,,,,,,,,,,,,,2,,,,,,,10:48:20:466,1,,,,
20250616-0018,,,,,,,,,,,,,,,,,,2,,,,,,,10:48:24:903,0,,,,
20250616-0018,,,,,,,,,,,,,,,,,,2,,,,,,,10:48:25:705,1,,,,
20250616-0018,,,,,,,,,,,,,,,,,,2,,,,,,,10:48:25:904,0,,,,
20250616-0018,20250616,True,CUG 18,0,10:47:48:051,69,1,10:47:59:562,10:47:48:634,27,3,10:48:04:500,10:47:48:051,10:56:37:145,True,2,123,2,0,10:48:43:772,10:48:54:784,11010,True,False,,,,,,
20250616-0018,20250616,True,CUG 18,0,10:47:48:051,69,1,10:47:59:562,10:47:48:634,27,3,10:48:04:500,10:47:48:051,10:56:37:145,True,2,123,2,0,10:49:15:421,10:49:24:213,8792,True,False,,,,,,
20250616-0018,20250616,True,CUG 18,0,10:47:48:051,69,1,10:47:59:562,10:47:48:634,27,3,10:48:04:500,10:47:48:051,10:56:37:145,True,2,123,2,0,10:49:28:867,10:49:44:601,15731,True,False,,,,,,
20250616-0018,20250616,True,CUG 18,0,10:47:48:051,69,1,10:47:59:562,10:47:48:634,27,3,10:48:04:500,10:47:48:051,10:56:37:145,True,2,123,2,0,10:49:49:221,10:50:24:391,35168,False,True,,,,,,
20250616-0018,20250616,True,CUG 18,0,10:47:48:051,69,1,10:47:59:562,10:47:48:634,27,3,10:48:04:500,10:47:48:051,10:56:37:145,True,2,123,9,1,10:50:38:003,10:51:07:583,29579,False,True,,,,,,
20250616-0018,20250616,True,CUG 18,0,10:47:48:051,69,1,10:47:59:562,10:47:48:634,27,3,10:48:04:500,10:47:48:051,10:56:37:145,True,2,123,10,2,10:51:15:091,10:51:20:111,5021,True,False,,,,,,
20250616-0018,20250616,True,CUG 18,0,10:47:48:051,69,1,10:47:59:562,10:47:48:634,27,3,10:48:04:500,10:47:48:051,10:56:37:145,True,2,123,10,2,10:51:25:401,10:51:34:427,9025,False,True,,,,,,
20250616-0018,20250616,True,CUG 18,0,10:47:48:051,69,1,10:47:59:562,10:47:48:634,27,3,10:48:04:500,10:47:48:051,10:56:37:145,True,2,123,12,3,10:51:44:503,10:52:08:444,23940,False,True,,,,,,
20250616-0018,20250616,True,CUG 18,0,10:47:48:051,69,1,10:47:59:562,10:47:48:634,27,3,10:48:04:500,10:47:48:051,10:56:37:145,True,2,123,12,3,10:52:18:270,10:52:20:056,1785,True,False,,,,,,
20250616-0018,20250616,True,CUG 18,0,10:47:48:051,69,1,10:47:59:562,10:47:48:634,27,3,10:48:04:500,10:47:48:051,10:56:37:145,True,2,123,11,2,10:52:27:161,10:52:43:928,16766,True,False,,,,,,
20250616-0018,20250616,True,CUG 18,0,10:47:48:051,69,1,10:47:59:562,10:47:48:634,27,3,10:48:04:500,10:47:48:051,10:56:37:145,True,2,123,11,2,10:52:50:084,10:53:07:303,17217,True,False,,,,,,
20250616-0018,20250616,True,CUG 18,0,10:47:48:051,69,1,10:47:59:562,10:47:48:634,27,3,10:48:04:500,10:47:48:051,10:56:37:145,True,2,123,11,2,10:53:16:744,10:53:18:781,2035,True,False,,,,,,
20250616-0018,20250616,True,CUG 18,0,10:47:48:051,69,1,10:47:59:562,10:47:48:634,27,3,10:48:04:500,10:47:48:051,10:56:37:145,True,2,123,11,2,10:53:24:635,10:53:42:955,18318,True,False,,,,,,
20250616-0018,20250616,True,CUG 18,0,10:47:48:051,69,1,10:47:59:562,10:47:48:634,27,3,10:48:04:500,10:47:48:051,10:56:37:145,True,2,123,11,2,10:53:51:664,10:53:53:815,2152,True,False,,,,,,
20250616-0018,20250616,True,CUG 18,0,10:47:48:051,69,1,10:47:59:562,10:47:48:634,27,3,10:48:04:500,10:47:48:051,10:56:37:145,True,2,123,11,2,10:54:00:889,10:54:11:683,10793,True,False,,,,,,
20250616-0018,20250616,True,CUG 18,0,10:47:48:051,69,1,10:47:59:562,10:47:48:634,27,3,10:48:04:500,10:47:48:051,10:56:37:145,True,2,123,11,2,10:54:20:425,10:54:41:562,21137,True,False,,,,,,
20250616-0018,20250616,True,CUG 18,0,10:47:48:051,69,1,10:47:59:562,10:47:48:634,27,3,10:48:04:500,10:47:48:051,10:56:37:145,True,2,123,11,2,10:54:49:404,10:54:52:640,3236,True,False,,,,,,
20250616-0018,20250616,True,CUG 18,0,10:47:48:051,69,1,10:47:59:562,10:47:48:634,27,3,10:48:04:500,10:47:48:051,10:56:37:145,True,2,123,11,2,10:54:58:046,,0,False,False,,,,,,
20250616-0019,20250616,True,CUG 19,0,11:03:18:878,0,1,11:03:33:192,11:03:21:081,0,3,11:03:37:063,11:03:18:878,11:06:21:328,True,0,123,,,,,,,,,
20250616-0019,20250616,True,CUG 19,0,11:03:18:878,0,1,11:03:33:192,11:03:21:081,0,3,11:03:37:063,11:03:18:878,11:06:21:328,True,0,123,4,0,11:03:43:986,11:03:49:375,5388,True,False,,,,,,
20250616-0019,20250616,True,CUG 19,0,11:03:18:878,0,1,11:03:33:192,11:03:21:081,0,3,11:03:37:063,11:03:18:878,11:06:21:328,True,0,123,4,0,11:03:55:180,11:04:27:531,32348,False,True,,,,,,
20250616-0019,20250616,True,CUG 19,0,11:03:18:878,0,1,11:03:33:192,11:03:21:081,0,3,11:03:37:063,11:03:18:878,11:06:21:328,True,0,123,9,1,11:04:38:675,11:05:00:780,22105,True,False,,,,,,
20250616-0019,20250616,True,CUG 19,0,11:03:18:878,0,1,11:03:33:192,11:03:21:081,0,3,11:03:37:063,11:03:18:878,11:06:21:328,True,0,123,9,1,11:05:07:703,11:05:31:311,23606,False,True,,,,,,
20250616-0019,20250616,True,CUG 19,0,11:03:18:878,0,1,11:03:33:192,11:03:21:081,0,3,11:03:37:063,11:03:18:878,11:06:21:328,True,0,123,10,2,11:05:39:619,11:05:42:922,3303,True,False,,,,,,
20250616-0019,20250616,True,CUG 19,0,11:03:18:878,0,1,11:03:33:192,11:03:21:081,0,3,11:03:37:063,11:03:18:878,11:06:21:328,True,0,123,10,2,11:05:49:712,11:06:05:311,15598,False,True,,,,,,
20250616-0019,20250616,True,CUG 19,0,11:03:18:878,0,1,11:03:33:192,11:03:21:081,0,3,11:03:37:063,11:03:18:878,11:06:21:328,True,0,123,10,2,11:06:12:568,11:06:17:773,5205,False,True,,,,,,
20250616-0020,20250616,True,CUG 20,0,11:08:22:097,15,1,11:08:34:510,11:08:22:247,15,1,11:08:34:510,11:08:22:097,11:12:55:386,True,0,123,,,,,,,,,
20250616-0020,20250616,True,CUG 20,0,11:08:22:097,15,1,11:08:34:510,11:08:22:247,15,1,11:08:34:510,11:08:22:097,11:12:55:386,True,0,123,3,0,11:08:41:699,11:08:44:820,3119,True,False,,,,,,
20250616-0020,20250616,True,CUG 20,0,11:08:22:097,15,1,11:08:34:510,11:08:22:247,15,1,11:08:34:510,11:08:22:097,11:12:55:386,True,0,123,3,0,11:08:50:775,11:09:07:860,17083,False,True,,,,,,
20250616-0020,20250616,True,CUG 20,0,11:08:22:097,15,1,11:08:34:510,11:08:22:247,15,1,11:08:34:510,11:08:22:097,11:12:55:386,True,0,123,9,1,11:09:16:668,11:10:01:863,45194,False,True,,,,,,
20250616-0020,20250616,True,CUG 20,0,11:08:22:097,15,1,11:08:34:510,11:08:22:247,15,1,11:08:34:510,11:08:22:097,11:12:55:386,True,0,123,10,2,11:10:11:106,11:10:17:179,6072,True,False,,,,,,
20250616-0020,20250616,True,CUG 20,0,11:08:22:097,15,1,11:08:34:510,11:08:22:247,15,1,11:08:34:510,11:08:22:097,11:12:55:386,True,0,123,10,2,11:10:23:068,11:10:35:346,12279,True,False,,,,,,
20250616-0020,20250616,True,CUG 20,0,11:08:22:097,15,1,11:08:34:510,11:08:22:247,15,1,11:08:34:510,11:08:22:097,11:12:55:386,True,0,123,10,2,11:10:41:018,11:11:02:324,21304,False,True,,,,,,
20250616-0020,20250616,True,CUG 20,0,11:08:22:097,15,1,11:08:34:510,11:08:22:247,15,1,11:08:34:510,11:08:22:097,11:12:55:386,True,0,123,12,3,11:11:15:703,11:11:18:639,2936,True,False,,,,,,
20250616-0020,20250616,True,CUG 20,0,11:08:22:097,15,1,11:08:34:510,11:08:22:247,15,1,11:08:34:510,11:08:22:097,11:12:55:386,True,0,123,12,3,11:11:23:778,11:11:32:336,8558,True,False,,,,,,
20250616-0020,20250616,True,CUG 20,0,11:08:22:097,15,1,11:08:34:510,11:08:22:247,15,1,11:08:34:510,11:08:22:097,11:12:55:386,True,0,123,12,3,11:11:37:725,11:11:46:483,8758,True,False,,,,,,
20250616-0020,20250616,True,CUG 20,0,11:08:22:097,15,1,11:08:34:510,11:08:22:247,15,1,11:08:34:510,11:08:22:097,11:12:55:386,True,0,123,12,3,11:11:53:274,11:12:50:014,56740,False,True,,,,,,
20250616-0021,20250616,True,CUG 21,0,11:14:35:553,13,1,11:14:51:051,11:14:27:461,12,1,11:14:42:360,11:14:27:461,11:29:14:162,True,0,123,,,,,,,,,
20250616-0021,20250616,True,CUG 21,0,11:14:35:553,13,1,11:14:51:051,11:14:27:461,12,1,11:14:42:360,11:14:27:461,11:29:14:162,True,0,123,6,0,11:14:57:574,11:15:02:395,4821,True,False,,,,,,
20250616-0021,20250616,True,CUG 21,0,11:14:35:553,13,1,11:14:51:051,11:14:27:461,12,1,11:14:42:360,11:14:27:461,11:29:14:162,True,0,123,6,0,11:15:11:772,11:16:12:149,60376,False,True,,,,,,
20250616-0021,20250616,True,CUG 21,0,11:14:35:553,13,1,11:14:51:051,11:14:27:461,12,1,11:14:42:360,11:14:27:461,11:29:14:162,True,0,123,9,1,11:16:29:249,11:18:14:804,105555,True,False,,,,,,
20250616-0021,20250616,True,CUG 21,0,11:14:35:553,13,1,11:14:51:051,11:14:27:461,12,1,11:14:42:360,11:14:27:461,11:29:14:162,True,0,123,9,1,11:18:22:829,11:20:31:541,128711,False,True,,,,,,
20250616-0021,20250616,True,CUG 21,0,11:14:35:553,13,1,11:14:51:051,11:14:27:461,12,1,11:14:42:360,11:14:27:461,11:29:14:162,True,0,123,11,2,11:20:40:065,11:20:46:373,6306,True,False,,,,,,
20250616-0021,20250616,True,CUG 21,0,11:14:35:553,13,1,11:14:51:051,11:14:27:461,12,1,11:14:42:360,11:14:27:461,11:29:14:162,True,0,123,11,2,11:20:55:098,11:25:10:152,255054,False,True,,,,,,
20250616-0021,20250616,True,CUG 21,0,11:14:35:553,13,1,11:14:51:051,11:14:27:461,12,1,11:14:42:360,11:14:27:461,11:29:14:162,True,0,123,12,3,11:25:20:361,11:25:27:269,6906,True,False,,,,,,
20250616-0021,20250616,True,CUG 21,0,11:14:35:553,13,1,11:14:51:051,11:14:27:461,12,1,11:14:42:360,11:14:27:461,11:29:14:162,True,0,123,12,3,11:25:34:642,11:27:16:411,101768,False,True,,,,,,
20250616-0021,20250616,True,CUG 21,0,11:14:35:553,13,1,11:14:51:051,11:14:27:461,12,1,11:14:42:360,11:14:27:461,11:29:14:162,True,0,123,13,3,11:27:25:353,11:27:29:340,3987,True,False,,,,,,
20250616-0021,20250616,True,CUG 21,0,11:14:35:553,13,1,11:14:51:051,11:14:27:461,12,1,11:14:42:360,11:14:27:461,11:29:14:162,True,0,123,13,3,11:27:34:611,11:29:10:658,96045,False,True,,,,,,
20250616-0022,20250616,True,CUG 22,0,12:08:24:937,12,0,12:08:35:947,12:08:24:736,39,0,12:08:34:780,12:08:24:736,12:19:57:511,True,2,123,,,,,,,,,
20250616-0022,20250616,True,CUG 22,0,12:08:24:937,12,0,12:08:35:947,12:08:24:736,39,0,12:08:34:780,12:08:24:736,12:19:57:511,True,2,123,7,0,12:08:44:439,12:09:52:674,68234,False,True,,,,,,
20250616-0022,20250616,True,CUG 22,0,12:08:24:937,12,0,12:08:35:947,12:08:24:736,39,0,12:08:34:780,12:08:24:736,12:19:57:511,True,2,123,9,1,12:10:04:836,12:10:43:624,38788,True,False,,,,,,
20250616-0022,20250616,True,CUG 22,0,12:08:24:937,12,0,12:08:35:947,12:08:24:736,39,0,12:08:34:780,12:08:24:736,12:19:57:511,True,2,123,9,1,12:10:49:447,12:11:35:292,45845,False,True,,,,,,
20250616-0022,20250616,True,CUG 22,0,12:08:24:937,12,0,12:08:35:947,12:08:24:736,39,0,12:08:34:780,12:08:24:736,12:19:57:511,True,2,123,10,2,12:11:43:168,12:12:18:837,35668,False,True,,,,,,
20250616-0022,20250616,True,CUG 22,0,12:08:24:937,12,0,12:08:35:947,12:08:24:736,39,0,12:08:34:780,12:08:24:736,12:19:57:511,True,2,123,12,3,12:12:34:301,12:14:03:758,89455,False,True,,,,,,
20250616-0022,,,,,,,,,,,,,,,,,,12,,,,,,,12:12:38:372,1,,,,
20250616-0022,20250616,True,CUG 22,0,12:08:24:937,12,0,12:08:35:947,12:08:24:736,39,0,12:08:34:780,12:08:24:736,12:19:57:511,True,2,123,10,2,12:14:36:307,12:14:38:625,2319,True,False,,,,,,
20250616-0022,20250616,True,CUG 22,0,12:08:24:937,12,0,12:08:35:947,12:08:24:736,39,0,12:08:34:780,12:08:24:736,12:19:57:511,True,2,123,11,2,12:14:48:620,12:15:16:864,28244,True,False,,,,,,
20250616-0022,20250616,True,CUG 22,0,12:08:24:937,12,0,12:08:35:947,12:08:24:736,39,0,12:08:34:780,12:08:24:736,12:19:57:511,True,2,123,11,2,12:15:25:590,12:17:04:722,99132,False,True,,,,,,
20250616-0022,20250616,True,CUG 22,0,12:08:24:937,12,0,12:08:35:947,12:08:24:736,39,0,12:08:34:780,12:08:24:736,12:19:57:511,True,2,123,4,0,12:17:15:215,12:17:55:622,40406,False,True,,,,,,
20250616-0022,20250616,True,CUG 22,0,12:08:24:937,12,0,12:08:35:947,12:08:24:736,39,0,12:08:34:780,12:08:24:736,12:19:57:511,True,2,123,1,0,12:18:15:341,12:18:44:572,29228,False,True,,,,,,
20250616-0023,20250616,True,CUG 23,0,12:25:14:076,11,0,12:25:26:921,12:25:12:207,39,0,12:25:24:052,12:25:12:207,12:42:33:445,True,0,123,,,,,,,,,
20250616-0023,20250616,True,CUG 23,0,12:25:14:076,11,0,12:25:26:921,12:25:12:207,39,0,12:25:24:052,12:25:12:207,12:42:33:445,True,0,123,6,0,12:25:37:265,12:26:14:686,37420,False,True,,,,,,
20250616-0023,20250616,True,CUG 23,0,12:25:14:076,11,0,12:25:26:921,12:25:12:207,39,0,12:25:24:052,12:25:12:207,12:42:33:445,True,0,123,8,1,12:26:27:215,12:28:07:698,100483,True,False,,,,,,
20250616-0023,20250616,True,CUG 23,0,12:25:14:076,11,0,12:25:26:921,12:25:12:207,39,0,12:25:24:052,12:25:12:207,12:42:33:445,True,0,123,8,1,12:28:14:588,12:30:42:603,148014,False,True,,,,,,
20250616-0023,20250616,True,CUG 23,0,12:25:14:076,11,0,12:25:26:921,12:25:12:207,39,0,12:25:24:052,12:25:12:207,12:42:33:445,True,0,123,11,2,12:30:53:581,12:32:33:230,99649,True,False,,,,,,
20250616-0023,20250616,True,CUG 23,0,12:25:14:076,11,0,12:25:26:921,12:25:12:207,39,0,12:25:24:052,12:25:12:207,12:42:33:445,True,0,123,11,2,12:32:42:789,12:33:01:141,18351,True,False,,,,,,
20250616-0023,20250616,True,CUG 23,0,12:25:14:076,11,0,12:25:26:921,12:25:12:207,39,0,12:25:24:052,12:25:12:207,12:42:33:445,True,0,123,11,2,12:33:08:532,12:35:39:382,150850,False,True,,,,,,
20250616-0023,20250616,True,CUG 23,0,12:25:14:076,11,0,12:25:26:921,12:25:12:207,39,0,12:25:24:052,12:25:12:207,12:42:33:445,True,0,123,12,3,12:35:52:495,12:37:07:871,75375,False,True,,,,,,
20250616-0023,20250616,True,CUG 23,0,12:25:14:076,11,0,12:25:26:921,12:25:12:207,39,0,12:25:24:052,12:25:12:207,12:42:33:445,True,0,123,13,3,12:37:19:481,12:40:18:511,179028,False,True,,,,,,
20250616-0023,20250616,True,CUG 23,0,12:25:14:076,11,0,12:25:26:921,12:25:12:207,39,0,12:25:24:052,12:25:12:207,12:42:33:445,True,0,123,13,3,12:40:27:820,12:42:31:076,123255,False,True,,,,,,
20250616-0024,20250616,True,CUG 24,0,12:42:47:842,10,0,12:43:01:606,12:42:44:822,39,0,12:42:56:851,12:42:44:822,12:47:02:028,False,2,123,,,,,,,,,
20250616-0024,20250616,True,CUG 24,0,12:42:47:842,10,0,12:43:01:606,12:42:44:822,39,0,12:42:56:851,12:42:44:822,12:47:02:028,False,2,123,5,0,12:43:10:798,12:43:36:424,25625,False,True,,,,,,
20250616-0024,20250616,True,CUG 24,0,12:42:47:842,10,0,12:43:01:606,12:42:44:822,39,0,12:42:56:851,12:42:44:822,12:47:02:028,False,2,123,8,1,12:43:47:501,12:44:33:148,45645,False,True,,,,,,
20250616-0024,20250616,True,CUG 24,0,12:42:47:842,10,0,12:43:01:606,12:42:44:822,39,0,12:42:56:851,12:42:44:822,12:47:02:028,False,2,123,8,1,12:44:43:440,12:45:19:327,35885,False,True,,,,,,
20250616-0025,20250616,True,CUG 25,0,12:47:37:114,12,0,12:47:50:010,12:47:36:864,11,0,12:47:49:243,12:47:36:864,12:52:45:704,True,2,123,,,,,,,,,
20250616-0025,20250616,True,CUG 25,0,12:47:37:114,12,0,12:47:50:010,12:47:36:864,11,0,12:47:49:243,12:47:36:864,12:52:45:704,True,2,123,2,0,12:47:58:968,12:48:24:478,25508,False,True,,,,,,
20250616-0025,20250616,True,CUG 25,0,12:47:37:114,12,0,12:47:50:010,12:47:36:864,11,0,12:47:49:243,12:47:36:864,12:52:45:704,True,2,123,8,1,12:48:31:968,12:48:55:843,23873,False,True,,,,,,
20250616-0025,20250616,True,CUG 25,0,12:47:37:114,12,0,12:47:50:010,12:47:36:864,11,0,12:47:49:243,12:47:36:864,12:52:45:704,True,2,123,10,2,12:49:03:050,12:49:26:724,23673,False,True,,,,,,
20250616-0025,20250616,True,CUG 25,0,12:47:37:114,12,0,12:47:50:010,12:47:36:864,11,0,12:47:49:243,12:47:36:864,12:52:45:704,True,2,123,12,3,12:49:39:653,12:49:42:289,2635,True,False,,,,,,
20250616-0025,20250616,True,CUG 25,0,12:47:37:114,12,0,12:47:50:010,12:47:36:864,11,0,12:47:49:243,12:47:36:864,12:52:45:704,True,2,123,13,3,12:49:51:131,12:49:53:666,2535,True,False,,,,,,
20250616-0025,20250616,True,CUG 25,0,12:47:37:114,12,0,12:47:50:010,12:47:36:864,11,0,12:47:49:243,12:47:36:864,12:52:45:704,True,2,123,12,3,12:50:03:409,12:50:31:872,28461,False,True,,,,,,
20250616-0025,20250616,True,CUG 25,0,12:47:37:114,12,0,12:47:50:010,12:47:36:864,11,0,12:47:49:243,12:47:36:864,12:52:45:704,True,2,123,5,0,12:50:40:262,12:50:41:397,1134,True,False,,,,,,
20250616-0025,20250616,True,CUG 25,0,12:47:37:114,12,0,12:47:50:010,12:47:36:864,11,0,12:47:49:243,12:47:36:864,12:52:45:704,True,2,123,5,0,12:50:52:458,12:50:59:498,7040,True,False,,,,,,
20250616-0025,20250616,True,CUG 25,0,12:47:37:114,12,0,12:47:50:010,12:47:36:864,11,0,12:47:49:243,12:47:36:864,12:52:45:704,True,2,123,5,0,12:51:08:407,12:51:32:666,24257,False,True,,,,,,
20250616-0026,20250616,True,CUG 26,0,12:55:40:446,15,3,12:55:54:193,12:55:38:476,15,3,12:55:53:392,12:55:38:476,13:02:51:409,True,0,123,,,,,,,,,
20250616-0026,20250616,True,CUG 26,0,12:55:40:446,15,3,12:55:54:193,12:55:38:476,15,3,12:55:53:392,12:55:38:476,13:02:51:409,True,0,123,4,0,12:56:01:983,12:56:04:370,2385,True,False,,,,,,
20250616-0026,20250616,True,CUG 26,0,12:55:40:446,15,3,12:55:54:193,12:55:38:476,15,3,12:55:53:392,12:55:38:476,13:02:51:409,True,0,123,4,0,12:56:10:375,12:56:50:717,40340,False,True,,,,,,
20250616-0026,20250616,True,CUG 26,0,12:55:40:446,15,3,12:55:54:193,12:55:38:476,15,3,12:55:53:392,12:55:38:476,13:02:51:409,True,0,123,9,1,12:57:00:809,12:57:53:112,52301,False,True,,,,,,
20250616-0026,20250616,True,CUG 26,0,12:55:40:446,15,3,12:55:54:193,12:55:38:476,15,3,12:55:53:392,12:55:38:476,13:02:51:409,True,0,123,10,2,12:58:00:701,12:58:04:606,3903,True,False,,,,,,
20250616-0026,20250616,True,CUG 26,0,12:55:40:446,15,3,12:55:54:193,12:55:38:476,15,3,12:55:53:392,12:55:38:476,13:02:51:409,True,0,123,10,2,12:58:12:047,12:58:15:484,3436,True,False,,,,,,
20250616-0026,20250616,True,CUG 26,0,12:55:40:446,15,3,12:55:54:193,12:55:38:476,15,3,12:55:53:392,12:55:38:476,13:02:51:409,True,0,123,10,2,12:58:21:740,12:59:03:665,41925,False,True,,,,,,
20250616-0026,20250616,True,CUG 26,0,12:55:40:446,15,3,12:55:54:193,12:55:38:476,15,3,12:55:53:392,12:55:38:476,13:02:51:409,True,0,123,12,3,12:59:14:108,12:59:56:685,42575,False,True,,,,,,
20250616-0026,20250616,True,CUG 26,0,12:55:40:446,15,3,12:55:54:193,12:55:38:476,15,3,12:55:53:392,12:55:38:476,13:02:51:409,True,0,123,13,3,13:00:04:525,13:00:12:833,8307,True,False,,,,,,
20250616-0026,20250616,True,CUG 26,0,12:55:40:446,15,3,12:55:54:193,12:55:38:476,15,3,12:55:53:392,12:55:38:476,13:02:51:409,True,0,123,13,3,13:00:18:322,13:00:19:124,800,True,False,,,,,,
20250616-0026,20250616,True,CUG 26,0,12:55:40:446,15,3,12:55:54:193,12:55:38:476,15,3,12:55:53:392,12:55:38:476,13:02:51:409,True,0,123,13,3,13:00:24:078,13:01:08:222,44143,True,False,,,,,,
20250616-0026,20250616,True,CUG 26,0,12:55:40:446,15,3,12:55:54:193,12:55:38:476,15,3,12:55:53:392,12:55:38:476,13:02:51:409,True,0,123,13,3,13:01:17:080,13:02:46:722,89639,False,True,,,,,,
20250616-0027,20250616,True,CUG 27,0,13:03:08:942,40,0,13:03:18:785,13:03:07:140,8,0,13:03:17:734,13:03:07:140,13:11:51:296,True,1,123,,,,,,,,,
20250616-0027,20250616,True,CUG 27,0,13:03:08:942,40,0,13:03:18:785,13:03:07:140,8,0,13:03:17:734,13:03:07:140,13:11:51:296,True,1,123,4,0,13:03:27:010,13:03:34:818,7807,True,False,,,,,,
20250616-0027,20250616,True,CUG 27,0,13:03:08:942,40,0,13:03:18:785,13:03:07:140,8,0,13:03:17:734,13:03:07:140,13:11:51:296,True,1,123,4,0,13:03:40:907,13:04:15:242,34334,False,True,,,,,,
20250616-0027,20250616,True,CUG 27,0,13:03:08:942,40,0,13:03:18:785,13:03:07:140,8,0,13:03:17:734,13:03:07:140,13:11:51:296,True,1,123,9,1,13:04:31:658,13:05:18:121,46463,False,True,,,,,,
20250616-0027,20250616,True,CUG 27,0,13:03:08:942,40,0,13:03:18:785,13:03:07:140,8,0,13:03:17:734,13:03:07:140,13:11:51:296,True,1,123,9,1,13:05:27:914,13:05:53:623,25708,False,True,,,,,,
20250616-0027,20250616,True,CUG 27,0,13:03:08:942,40,0,13:03:18:785,13:03:07:140,8,0,13:03:17:734,13:03:07:140,13:11:51:296,True,1,123,10,2,13:06:05:185,13:06:21:150,15965,False,True,,,,,,
20250616-0027,20250616,True,CUG 27,0,13:03:08:942,40,0,13:03:18:785,13:03:07:140,8,0,13:03:17:734,13:03:07:140,13:11:51:296,True,1,123,10,2,13:06:34:431,13:06:41:872,7440,False,True,,,,,,
20250616-0027,20250616,True,CUG 27,0,13:03:08:942,40,0,13:03:18:785,13:03:07:140,8,0,13:03:17:734,13:03:07:140,13:11:51:296,True,1,123,13,3,13:06:55:484,13:07:02:758,7273,True,False,,,,,,
20250616-0027,,,,,,,,,,,,,,,,,,13,,,,,,,13:07:00:072,1,,,,
20250616-0027,,,,,,,,,,,,,,,,,,13,,,,,,,13:07:00:439,0,,,,
20250616-0027,,,,,,,,,,,,,,,,,,13,,,,,,,13:07:01:124,1,,,,
20250616-0027,20250616,True,CUG 27,0,13:03:08:942,40,0,13:03:18:785,13:03:07:140,8,0,13:03:17:734,13:03:07:140,13:11:51:296,True,1,123,13,3,13:07:07:881,13:07:43:065,35185,True,False,,,,,,
20250616-0027,20250616,True,CUG 27,0,13:03:08:942,40,0,13:03:18:785,13:03:07:140,8,0,13:03:17:734,13:03:07:140,13:11:51:296,True,1,123,12,3,13:09:12:004,13:09:37:547,25542,False,True,,,,,,
20250616-0027,20250616,True,CUG 27,0,13:03:08:942,40,0,13:03:18:785,13:03:07:140,8,0,13:03:17:734,13:03:07:140,13:11:51:296,True,1,123,13,3,13:09:45:320,13:09:48:191,2869,True,False,,,,,,
20250616-0027,20250616,True,CUG 27,0,13:03:08:942,40,0,13:03:18:785,13:03:07:140,8,0,13:03:17:734,13:03:07:140,13:11:51:296,True,1,123,13,3,13:09:53:278,13:10:30:815,37537,True,False,,,,,,
20250616-0027,20250616,True,CUG 27,0,13:03:08:942,40,0,13:03:18:785,13:03:07:140,8,0,13:03:17:734,13:03:07:140,13:11:51:296,True,1,123,13,3,13:10:36:956,13:10:40:810,3853,True,False,,,,,,
20250616-0027,20250616,True,CUG 27,0,13:03:08:942,40,0,13:03:18:785,13:03:07:140,8,0,13:03:17:734,13:03:07:140,13:11:51:296,True,1,123,13,3,13:10:45:997,13:10:50:385,4387,True,False,,,,,,
20250616-0027,20250616,True,CUG 27,0,13:03:08:942,40,0,13:03:18:785,13:03:07:140,8,0,13:03:17:734,13:03:07:140,13:11:51:296,True,1,123,13,3,13:10:55:007,13:11:40:502,45495,True,False,,,,,,
20250616-0028,20250616,True,CUG 28,0,13:14:04:245,30,0,13:14:17:658,13:14:03:778,29,0,13:14:17:692,13:14:03:778,13:19:52:176,True,0,123,,,,,,,,,
20250616-0028,20250616,True,CUG 28,0,13:14:04:245,30,0,13:14:17:658,13:14:03:778,29,0,13:14:17:692,13:14:03:778,13:19:52:176,True,0,123,1,0,13:14:25:399,13:14:28:519,3119,True,False,,,,,,
20250616-0028,20250616,True,CUG 28,0,13:14:04:245,30,0,13:14:17:658,13:14:03:778,29,0,13:14:17:692,13:14:03:778,13:19:52:176,True,0,123,1,0,13:14:36:110,13:15:14:749,38638,False,True,,,,,,
20250616-0028,20250616,True,CUG 28,0,13:14:04:245,30,0,13:14:17:658,13:14:03:778,29,0,13:14:17:692,13:14:03:778,13:19:52:176,True,0,123,8,1,13:15:38:122,13:16:06:117,27994,False,True,,,,,,
20250616-0028,20250616,True,CUG 28,0,13:14:04:245,30,0,13:14:17:658,13:14:03:778,29,0,13:14:17:692,13:14:03:778,13:19:52:176,True,0,123,8,1,13:16:15:209,13:16:27:338,12128,False,True,,,,,,
20250616-0028,20250616,True,CUG 28,0,13:14:04:245,30,0,13:14:17:658,13:14:03:778,29,0,13:14:17:692,13:14:03:778,13:19:52:176,True,0,123,11,2,13:16:36:848,13:16:47:157,10310,True,False,,,,,,
20250616-0028,20250616,True,CUG 28,0,13:14:04:245,30,0,13:14:17:658,13:14:03:778,29,0,13:14:17:692,13:14:03:778,13:19:52:176,True,0,123,11,2,13:16:54:015,13:17:43:231,49216,False,True,,,,,,
20250616-0028,20250616,True,CUG 28,0,13:14:04:245,30,0,13:14:17:658,13:14:03:778,29,0,13:14:17:692,13:14:03:778,13:19:52:176,True,0,123,13,3,13:17:53:940,13:18:10:174,16232,True,False,,,,,,
20250616-0028,20250616,True,CUG 28,0,13:14:04:245,30,0,13:14:17:658,13:14:03:778,29,0,13:14:17:692,13:14:03:778,13:19:52:176,True,0,123,13,3,13:18:16:163,13:18:21:701,5538,True,False,,,,,,
20250616-0028,20250616,True,CUG 28,0,13:14:04:245,30,0,13:14:17:658,13:14:03:778,29,0,13:14:17:692,13:14:03:778,13:19:52:176,True,0,123,13,3,13:18:27:357,13:19:42:832,75474,False,True,,,,,,
20250616-0029,20250616,True,CUG 29,0,13:20:04:838,11,1,13:20:21:288,13:20:04:905,11,1,13:20:21:055,13:20:04:838,13:25:11:944,True,2,123,,,,,,,,,
20250616-0029,20250616,True,CUG 29,0,13:20:04:838,11,1,13:20:21:288,13:20:04:905,11,1,13:20:21:055,13:20:04:838,13:25:11:944,True,2,123,3,0,13:20:29:262,13:20:40:407,11144,True,False,,,,,,
20250616-0029,20250616,True,CUG 29,0,13:20:04:838,11,1,13:20:21:288,13:20:04:905,11,1,13:20:21:055,13:20:04:838,13:25:11:944,True,2,123,3,0,13:20:48:197,13:21:06:417,18218,False,True,,,,,,
20250616-0029,20250616,True,CUG 29,0,13:20:04:838,11,1,13:20:21:288,13:20:04:905,11,1,13:20:21:055,13:20:04:838,13:25:11:944,True,2,123,9,1,13:21:18:110,13:21:49:343,31231,False,True,,,,,,
20250616-0029,20250616,True,CUG 29,0,13:20:04:838,11,1,13:20:21:288,13:20:04:905,11,1,13:20:21:055,13:20:04:838,13:25:11:944,True,2,123,10,2,13:22:01:838,13:22:11:530,9692,True,False,,,,,,
20250616-0029,20250616,True,CUG 29,0,13:20:04:838,11,1,13:20:21:288,13:20:04:905,11,1,13:20:21:055,13:20:04:838,13:25:11:944,True,2,123,10,2,13:22:17:270,13:22:42:177,24907,True,False,,,,,,
20250616-0029,20250616,True,CUG 29,0,13:20:04:838,11,1,13:20:21:288,13:20:04:905,11,1,13:20:21:055,13:20:04:838,13:25:11:944,True,2,123,10,2,13:22:50:102,13:22:58:061,7957,False,True,,,,,,
20250616-0029,20250616,True,CUG 29,0,13:20:04:838,11,1,13:20:21:288,13:20:04:905,11,1,13:20:21:055,13:20:04:838,13:25:11:944,True,2,123,11,2,13:23:11:775,13:23:27:023,15248,True,False,,,,,,
20250616-0030,20250616,True,CUG 30,0,13:28:02:780,100,3,13:28:39:718,13:27:59:745,0,0,13:28:34:962,13:27:59:745,13:37:05:488,True,0,123,,,,,,,,,
20250616-0030,20250616,True,CUG 30,0,13:28:02:780,100,3,13:28:39:718,13:27:59:745,0,0,13:28:34:962,13:27:59:745,13:37:05:488,True,0,123,3,0,13:29:22:343,13:29:25:596,3252,True,False,,,,,,
20250616-0030,20250616,True,CUG 30,0,13:28:02:780,100,3,13:28:39:718,13:27:59:745,0,0,13:28:34:962,13:27:59:745,13:37:05:488,True,0,123,3,0,13:29:40:261,13:29:47:001,6739,True,False,,,,,,
20250616-0030,20250616,True,CUG 30,0,13:28:02:780,100,3,13:28:39:718,13:27:59:745,0,0,13:28:34:962,13:27:59:745,13:37:05:488,True,0,123,3,0,13:29:54:091,13:30:04:485,10393,True,False,,,,,,
20250616-0030,20250616,True,CUG 30,0,13:28:02:780,100,3,13:28:39:718,13:27:59:745,0,0,13:28:34:962,13:27:59:745,13:37:05:488,True,0,123,3,0,13:30:13:645,13:30:17:165,3520,True,False,,,,,,
20250616-0030,,,,,,,,,,,,,,,,,,3,,,,,,,13:30:15:647,1,,,,
20250616-0030,20250616,True,CUG 30,0,13:28:02:780,100,3,13:28:39:718,13:27:59:745,0,0,13:28:34:962,13:27:59:745,13:37:05:488,True,0,123,3,0,13:30:25:090,13:31:49:973,84884,True,False,,,,,,
20250616-0030,,,,,,,,,,,,,,,,,,3,,,,,,,13:30:26:107,1,,,,
20250616-0030,,,,,,,,,,,,,,,,,,3,,,,,,,13:30:28:275,0,,,,
20250616-0030,,,,,,,,,,,,,,,,,,3,,,,,,,13:30:37:001,1,,,,
20250616-0030,20250616,True,CUG 30,0,13:28:02:780,100,3,13:28:39:718,13:27:59:745,0,0,13:28:34:962,13:27:59:745,13:37:05:488,True,0,123,3,0,13:31:56:096,13:32:43:760,47663,False,True,,,,,,
20250616-0030,,,,,,,,,,,,,,,,,,3,,,,,,,13:32:16:601,1,,,,
20250616-0030,20250616,True,CUG 30,0,13:28:02:780,100,3,13:28:39:718,13:27:59:745,0,0,13:28:34:962,13:27:59:745,13:37:05:488,True,0,123,9,1,13:32:52:352,13:33:14:625,22272,True,False,,,,,,
20250616-0030,20250616,True,CUG 30,0,13:28:02:780,100,3,13:28:39:718,13:27:59:745,0,0,13:28:34:962,13:27:59:745,13:37:05:488,True,0,123,9,1,13:33:19:746,13:34:17:772,58024,False,True,,,,,,
20250616-0030,20250616,True,CUG 30,0,13:28:02:780,100,3,13:28:39:718,13:27:59:745,0,0,13:28:34:962,13:27:59:745,13:37:05:488,True,0,123,11,2,13:34:25:596,13:34:54:140,28545,True,False,,,,,,
20250616-0030,20250616,True,CUG 30,0,13:28:02:780,100,3,13:28:39:718,13:27:59:745,0,0,13:28:34:962,13:27:59:745,13:37:05:488,True,0,123,11,2,13:34:59:963,13:35:21:185,21221,True,False,,,,,,
20250616-0030,20250616,True,CUG 30,0,13:28:02:780,100,3,13:28:39:718,13:27:59:745,0,0,13:28:34:962,13:27:59:745,13:37:05:488,True,0,123,11,2,13:35:26:105,13:35:34:047,7941,True,False,,,,,,
20250616-0030,20250616,True,CUG 30,0,13:28:02:780,100,3,13:28:39:718,13:27:59:745,0,0,13:28:34:962,13:27:59:745,13:37:05:488,True,0,123,11,2,13:35:39:119,13:36:34:058,54937,False,True,,,,,,
20250616-0030,20250616,True,CUG 30,0,13:28:02:780,100,3,13:28:39:718,13:27:59:745,0,0,13:28:34:962,13:27:59:745,13:37:05:488,True,0,123,13,3,13:36:43:199,13:37:01:668,18468,True,False,,,,,,
20250616-0031,20250616,True,CUG 31,0,13:39:21:457,8,0,13:39:46:782,13:39:05:891,15,0,13:39:43:630,13:39:05:891,13:43:40:650,False,1,123,,,,,,,,,
20250616-0031,20250616,True,CUG 31,0,13:39:21:457,8,0,13:39:46:782,13:39:05:891,15,0,13:39:43:630,13:39:05:891,13:43:40:650,False,1,123,3,0,13:39:56:859,13:40:00:345,3486,True,False,,,,,,
20250616-0031,20250616,True,CUG 31,0,13:39:21:457,8,0,13:39:46:782,13:39:05:891,15,0,13:39:43:630,13:39:05:891,13:43:40:650,False,1,123,3,0,13:40:07:303,13:41:26:348,79045,False,True,,,,,,
20250616-0031,20250616,True,CUG 31,0,13:39:21:457,8,0,13:39:46:782,13:39:05:891,15,0,13:39:43:630,13:39:05:891,13:43:40:650,False,1,123,3,0,13:41:38:777,13:42:12:327,33549,False,True,,,,,,
20250616-0031,20250616,True,CUG 31,0,13:39:21:457,8,0,13:39:46:782,13:39:05:891,15,0,13:39:43:630,13:39:05:891,13:43:40:650,False,1,123,9,1,13:42:23:756,13:43:25:935,62178,False,True,,,,,,
20250616-0031,20250616,True,CUG 31,0,13:39:21:457,8,0,13:39:46:782,13:39:05:891,15,0,13:39:43:630,13:39:05:891,13:43:40:650,False,1,123,10,2,13:43:33:692,,0,False,False,,,,,,
20250616-0032,20250616,True,CUG 32,0,13:44:51:903,13,1,13:45:03:465,13:44:52:736,13,1,13:45:03:448,13:44:51:903,13:46:53:123,False,0,123,,,,,,,,,
20250616-0032,20250616,True,CUG 32,0,13:44:51:903,13,1,13:45:03:465,13:44:52:736,13,1,13:45:03:448,13:44:51:903,13:46:53:123,False,0,123,2,0,13:45:10:705,13:45:22:433,11728,True,False,,,,,,
20250616-0032,20250616,True,CUG 32,0,13:44:51:903,13,1,13:45:03:465,13:44:52:736,13,1,13:45:03:448,13:44:51:903,13:46:53:123,False,0,123,2,0,13:45:27:738,13:46:06:378,38638,False,True,,,,,,
20250616-0032,20250616,True,CUG 32,0,13:44:51:903,13,1,13:45:03:465,13:44:52:736,13,1,13:45:03:448,13:44:51:903,13:46:53:123,False,0,123,8,1,13:46:14:051,13:46:35:639,21588,True,False,,,,,,
20250616-0032,20250616,True,CUG 32,0,13:44:51:903,13,1,13:45:03:465,13:44:52:736,13,1,13:45:03:448,13:44:51:903,13:46:53:123,False,0,123,8,1,13:46:40:644,13:46:50:988,10343,True,False,,,,,,
20250616-0033,20250616,True,CUG 33,0,13:46:59:613,12,1,13:47:09:907,13:46:58:746,13,1,13:47:09:841,13:46:58:746,13:48:26:417,False,0,123,,,,,,,,,
20250616-0033,20250616,True,CUG 33,0,13:46:59:613,12,1,13:47:09:907,13:46:58:746,13,1,13:47:09:841,13:46:58:746,13:48:26:417,False,0,123,5,0,13:47:16:847,13:47:34:532,17684,True,False,,,,,,
20250616-0033,20250616,True,CUG 33,0,13:46:59:613,12,1,13:47:09:907,13:46:58:746,13,1,13:47:09:841,13:46:58:746,13:48:26:417,False,0,123,5,0,13:47:39:770,13:47:40:488,717,True,False,,,,,,
20250616-0033,20250616,True,CUG 33,0,13:46:59:613,12,1,13:47:09:907,13:46:58:746,13,1,13:47:09:841,13:46:58:746,13:48:26:417,False,0,123,5,0,13:47:45:242,13:48:09:167,23923,False,True,,,,,,
20250616-0033,20250616,True,CUG 33,0,13:46:59:613,12,1,13:47:09:907,13:46:58:746,13,1,13:47:09:841,13:46:58:746,13:48:26:417,False,0,123,8,1,13:48:20:111,13:48:24:030,3920,True,False,,,,,,
20250616-0034,20250616,True,CUG 34,0,13:55:30:690,13,0,13:55:52:945,13:55:31:457,11,0,13:55:51:560,13:49:14:832,14:01:26:727,True,2,123,,,,,,,,,
20250616-0034,20250616,True,CUG 34,0,13:55:30:690,13,0,13:55:52:945,13:55:31:457,11,0,13:55:51:560,13:49:14:832,14:01:26:727,True,2,123,3,0,13:56:00:819,13:56:12:113,11294,True,False,,,,,,
20250616-0034,20250616,True,CUG 34,0,13:55:30:690,13,0,13:55:52:945,13:55:31:457,11,0,13:55:51:560,13:49:14:832,14:01:26:727,True,2,123,3,0,13:56:17:169,13:56:24:977,7807,True,False,,,,,,
20250616-0034,20250616,True,CUG 34,0,13:55:30:690,13,0,13:55:52:945,13:55:31:457,11,0,13:55:51:560,13:49:14:832,14:01:26:727,True,2,123,3,0,13:56:29:732,13:56:53:322,23590,False,True,,,,,,
20250616-0034,20250616,True,CUG 34,0,13:55:30:690,13,0,13:55:52:945,13:55:31:457,11,0,13:55:51:560,13:49:14:832,14:01:26:727,True,2,123,3,0,13:57:00:812,13:57:02:280,1468,True,False,,,,,,
20250616-0034,20250616,True,CUG 34,0,13:55:30:690,13,0,13:55:52:945,13:55:31:457,11,0,13:55:51:560,13:49:14:832,14:01:26:727,True,2,123,3,0,13:57:06:902,13:57:29:325,22422,False,True,,,,,,
20250616-0034,20250616,True,CUG 34,0,13:55:30:690,13,0,13:55:52:945,13:55:31:457,11,0,13:55:51:560,13:49:14:832,14:01:26:727,True,2,123,9,1,13:57:37:032,13:58:40:712,63680,False,True,,,,,,
20250616-0034,20250616,True,CUG 34,0,13:55:30:690,13,0,13:55:52:945,13:55:31:457,11,0,13:55:51:560,13:49:14:832,14:01:26:727,True,2,123,10,2,13:58:48:370,13:59:09:357,20987,True,False,,,,,,
20250616-0034,20250616,True,CUG 34,0,13:55:30:690,13,0,13:55:52:945,13:55:31:457,11,0,13:55:51:560,13:49:14:832,14:01:26:727,True,2,123,10,2,13:59:14:813,13:59:23:388,8575,False,True,,,,,,
20250616-0034,20250616,True,CUG 34,0,13:55:30:690,13,0,13:55:52:945,13:55:31:457,11,0,13:55:51:560,13:49:14:832,14:01:26:727,True,2,123,10,2,13:59:32:246,13:59:37:585,5338,False,True,,,,,,
20250616-0034,20250616,True,CUG 34,0,13:55:30:690,13,0,13:55:52:945,13:55:31:457,11,0,13:55:51:560,13:49:14:832,14:01:26:727,True,2,123,10,2,13:59:44:959,13:59:49:748,4787,False,True,,,,,,
20250616-0034,20250616,True,CUG 34,0,13:55:30:690,13,0,13:55:52:945,13:55:31:457,11,0,13:55:51:560,13:49:14:832,14:01:26:727,True,2,123,13,3,13:59:57:438,14:00:14:105,16666,True,False,,,,,,
20250616-0034,20250616,True,CUG 34,0,13:55:30:690,13,0,13:55:52:945,13:55:31:457,11,0,13:55:51:560,13:49:14:832,14:01:26:727,True,2,123,13,3,14:00:19:727,14:00:22:630,2902,True,False,,,,,,
20250616-0034,20250616,True,CUG 34,0,13:55:30:690,13,0,13:55:52:945,13:55:31:457,11,0,13:55:51:560,13:49:14:832,14:01:26:727,True,2,123,13,3,14:00:27:435,14:00:28:904,1467,True,False,,,,,,
20250616-0034,20250616,True,CUG 34,0,13:55:30:690,13,0,13:55:52:945,13:55:31:457,11,0,13:55:51:560,13:49:14:832,14:01:26:727,True,2,123,13,3,14:00:33:874,14:00:40:014,6139,True,False,,,,,,
20250616-0034,20250616,True,CUG 34,0,13:55:30:690,13,0,13:55:52:945,13:55:31:457,11,0,13:55:51:560,13:49:14:832,14:01:26:727,True,2,123,13,3,14:00:44:985,14:00:46:420,1434,True,False,,,,,,
20250616-0034,20250616,True,CUG 34,0,13:55:30:690,13,0,13:55:52:945,13:55:31:457,11,0,13:55:51:560,13:49:14:832,14:01:26:727,True,2,123,13,3,14:00:51:158,14:00:52:127,967,True,False,,,,,,
20250616-0034,20250616,True,CUG 34,0,13:55:30:690,13,0,13:55:52:945,13:55:31:457,11,0,13:55:51:560,13:49:14:832,14:01:26:727,True,2,123,13,3,14:00:56:914,14:01:25:242,28328,True,False,,,,,,
20250616-0035,20250616,True,CUG 35,0,14:02:58:235,15,3,14:03:13:467,14:03:00:054,100,3,14:03:12:150,14:02:58:235,14:06:01:518,True,0,123,,,,,,,,,
20250616-0035,20250616,True,CUG 35,0,14:02:58:235,15,3,14:03:13:467,14:03:00:054,100,3,14:03:12:150,14:02:58:235,14:06:01:518,True,0,123,5,0,14:03:20:557,14:03:21:107,550,True,False,,,,,,
20250616-0035,20250616,True,CUG 35,0,14:02:58:235,15,3,14:03:13:467,14:03:00:054,100,3,14:03:12:150,14:02:58:235,14:06:01:518,True,0,123,5,0,14:03:26:447,14:03:58:895,32449,False,True,,,,,,
20250616-0035,20250616,True,CUG 35,0,14:02:58:235,15,3,14:03:13:467,14:03:00:054,100,3,14:03:12:150,14:02:58:235,14:06:01:518,True,0,123,8,1,14:04:11:875,14:04:45:042,33166,False,True,,,,,,
20250616-0035,20250616,True,CUG 35,0,14:02:58:235,15,3,14:03:13:467,14:03:00:054,100,3,14:03:12:150,14:02:58:235,14:06:01:518,True,0,123,10,2,14:04:52:733,14:05:12:753,20020,False,True,,,,,,
20250616-0035,20250616,True,CUG 35,0,14:02:58:235,15,3,14:03:13:467,14:03:00:054,100,3,14:03:12:150,14:02:58:235,14:06:01:518,True,0,123,12,3,14:05:21:645,14:05:56:979,35334,False,True,,,,,,
20250616-0036,20250616,True,CUG 36,0,14:06:41:775,13,1,14:06:56:890,14:06:42:508,13,1,14:06:55:822,14:06:41:775,14:13:46:098,False,2,123,,,,,,,,,
20250616-0036,20250616,True,CUG 36,0,14:06:41:775,13,1,14:06:56:890,14:06:42:508,13,1,14:06:55:822,14:06:41:775,14:13:46:098,False,2,123,6,0,14:07:04:046,14:07:04:765,717,True,False,,,,,,
20250616-0036,20250616,True,CUG 36,0,14:06:41:775,13,1,14:06:56:890,14:06:42:508,13,1,14:06:55:822,14:06:41:775,14:13:46:098,False,2,123,6,0,14:07:10:770,14:07:31:858,21087,False,True,,,,,,
20250616-0036,20250616,True,CUG 36,0,14:06:41:775,13,1,14:06:56:890,14:06:42:508,13,1,14:06:55:822,14:06:41:775,14:13:46:098,False,2,123,9,1,14:07:40:916,14:07:52:261,11344,True,False,,,,,,
20250616-0036,20250616,True,CUG 36,0,14:06:41:775,13,1,14:06:56:890,14:06:42:508,13,1,14:06:55:822,14:06:41:775,14:13:46:098,False,2,123,9,1,14:07:57:300,14:08:25:946,28645,True,False,,,,,,
20250616-0036,20250616,True,CUG 36,0,14:06:41:775,13,1,14:06:56:890,14:06:42:508,13,1,14:06:55:822,14:06:41:775,14:13:46:098,False,2,123,9,1,14:08:31:133,14:09:11:708,40573,False,True,,,,,,
20250616-0036,20250616,True,CUG 36,0,14:06:41:775,13,1,14:06:56:890,14:06:42:508,13,1,14:06:55:822,14:06:41:775,14:13:46:098,False,2,123,11,2,14:09:19:833,14:09:24:687,4854,True,False,,,,,,
20250616-0036,20250616,True,CUG 36,0,14:06:41:775,13,1,14:06:56:890,14:06:42:508,13,1,14:06:55:822,14:06:41:775,14:13:46:098,False,2,123,11,2,14:09:30:343,14:09:32:861,2518,True,False,,,,,,
20250616-0036,20250616,True,CUG 36,0,14:06:41:775,13,1,14:06:56:890,14:06:42:508,13,1,14:06:55:822,14:06:41:775,14:13:46:098,False,2,123,11,2,14:09:38:335,14:09:57:320,18985,True,False,,,,,,
20250616-0036,20250616,True,CUG 36,0,14:06:41:775,13,1,14:06:56:890,14:06:42:508,13,1,14:06:55:822,14:06:41:775,14:13:46:098,False,2,123,11,2,14:10:23:762,14:10:43:049,19285,True,False,,,,,,
20250616-0036,20250616,True,CUG 36,0,14:06:41:775,13,1,14:06:56:890,14:06:42:508,13,1,14:06:55:822,14:06:41:775,14:13:46:098,False,2,123,11,2,14:10:48:570,,0,False,False,,,,,,
20250616-0037,20250616,True,CUG 37,0,14:16:08:739,100,3,14:16:24:522,14:15:54:592,17,2,14:16:08:455,14:15:54:592,14:20:06:260,False,0,123,,,,,,,,,
20250616-0037,20250616,True,CUG 37,0,14:16:08:739,100,3,14:16:24:522,14:15:54:592,17,2,14:16:08:455,14:15:54:592,14:20:06:260,False,0,123,3,0,14:16:31:228,14:16:35:599,4370,True,False,,,,,,
20250616-0037,20250616,True,CUG 37,0,14:16:08:739,100,3,14:16:24:522,14:15:54:592,17,2,14:16:08:455,14:15:54:592,14:20:06:260,False,0,123,3,0,14:16:42:122,14:17:37:895,55772,False,True,,,,,,
20250616-0037,20250616,True,CUG 37,0,14:16:08:739,100,3,14:16:24:522,14:15:54:592,17,2,14:16:08:455,14:15:54:592,14:20:06:260,False,0,123,8,1,14:17:46:987,14:17:54:678,7691,True,False,,,,,,
20250616-0037,20250616,True,CUG 37,0,14:16:08:739,100,3,14:16:24:522,14:15:54:592,17,2,14:16:08:455,14:15:54:592,14:20:06:260,False,0,123,8,1,14:18:00:751,14:18:53:020,52268,False,True,,,,,,
20250616-0037,20250616,True,CUG 37,0,14:16:08:739,100,3,14:16:24:522,14:15:54:592,17,2,14:16:08:455,14:15:54:592,14:20:06:260,False,0,123,11,2,14:19:22:700,14:19:37:615,14914,True,False,,,,,,
20250616-0037,20250616,True,CUG 37,0,14:16:08:739,100,3,14:16:24:522,14:15:54:592,17,2,14:16:08:455,14:15:54:592,14:20:06:260,False,0,123,11,2,14:19:43:404,14:19:55:599,12195,True,False,,,,,,
20250616-0037,20250616,True,CUG 37,0,14:16:08:739,100,3,14:16:24:522,14:15:54:592,17,2,14:16:08:455,14:15:54:592,14:20:06:260,False,0,123,11,2,14:20:00:755,14:20:05:009,4254,True,False,,,,,,
20250616-0038,20250616,True,CUG 38,0,14:20:16:504,0,3,14:20:48:936,14:20:19:607,69,3,14:20:47:084,14:20:16:504,14:23:08:207,False,1,123,,,,,,,,,
20250616-0038,20250616,True,CUG 38,0,14:20:16:504,0,3,14:20:48:936,14:20:19:607,69,3,14:20:47:084,14:20:16:504,14:23:08:207,False,1,123,3,0,14:20:56:826,14:21:34:832,38004,False,True,,,,,,
20250616-0038,20250616,True,CUG 38,0,14:20:16:504,0,3,14:20:48:936,14:20:19:607,69,3,14:20:47:084,14:20:16:504,14:23:08:207,False,1,123,8,1,14:21:43:990,14:22:56:247,72255,False,True,,,,,,
20250616-0039,20250616,True,CUG 39,1,14:23:23:356,29,0,14:23:47:397,14:23:23:372,22,0,14:23:49:249,14:23:23:356,14:29:02:793,True,0,123,,,,,,,,,
20250616-0039,20250616,True,CUG 39,1,14:23:23:356,29,0,14:23:47:397,14:23:23:372,22,0,14:23:49:249,14:23:23:356,14:29:02:793,True,0,123,2,0,14:23:56:339,14:25:06:443,70103,False,True,,,,,,
20250616-0039,20250616,True,CUG 39,1,14:23:23:356,29,0,14:23:47:397,14:23:23:372,22,0,14:23:49:249,14:23:23:356,14:29:02:793,True,0,123,8,1,14:25:17:170,14:25:52:472,35301,False,True,,,,,,
20250616-0039,20250616,True,CUG 39,1,14:23:23:356,29,0,14:23:47:397,14:23:23:372,22,0,14:23:49:249,14:23:23:356,14:29:02:793,True,0,123,11,2,14:26:04:566,14:27:22:494,77927,False,True,,,,,,
20250616-0039,20250616,True,CUG 39,1,14:23:23:356,29,0,14:23:47:397,14:23:23:372,22,0,14:23:49:249,14:23:23:356,14:29:02:793,True,0,123,12,3,14:27:34:373,14:28:52:467,78094,False,True,,,,,,
20250616-0040,20250616,True,CUG 40,0,14:35:49:817,27,3,14:36:01:244,14:35:44:811,26,3,14:35:55:421,14:35:44:811,14:39:33:323,False,2,123,,,,,,,,,
20250616-0040,20250616,True,CUG 40,0,14:35:49:817,27,3,14:36:01:244,14:35:44:811,26,3,14:35:55:421,14:35:44:811,14:39:33:323,False,2,123,4,0,14:36:12:906,14:36:15:375,2468,True,False,,,,,,
20250616-0040,20250616,True,CUG 40,0,14:35:49:817,27,3,14:36:01:244,14:35:44:811,26,3,14:35:55:421,14:35:44:811,14:39:33:323,False,2,123,4,0,14:36:22:665,14:37:04:424,41758,False,True,,,,,,
20250616-0040,20250616,True,CUG 40,0,14:35:49:817,27,3,14:36:01:244,14:35:44:811,26,3,14:35:55:421,14:35:44:811,14:39:33:323,False,2,123,9,1,14:37:16:753,,0,False,False,,,,,,
20250616-0041,20250616,True,CUG 41,0,14:42:07:477,17,0,14:42:23:175,14:42:08:944,14,0,14:42:17:402,14:42:07:477,14:48:14:959,False,0,123,,,,,,,,,
20250616-0041,20250616,True,CUG 41,0,14:42:07:477,17,0,14:42:23:175,14:42:08:944,14,0,14:42:17:402,14:42:07:477,14:48:14:959,False,0,123,6,0,14:42:30:115,14:42:30:532,417,True,False,,,,,,
20250616-0041,20250616,True,CUG 41,0,14:42:07:477,17,0,14:42:23:175,14:42:08:944,14,0,14:42:17:402,14:42:07:477,14:48:14:959,False,0,123,6,0,14:42:35:904,14:42:46:216,10310,False,True,,,,,,
20250616-0041,20250616,True,CUG 41,0,14:42:07:477,17,0,14:42:23:175,14:42:08:944,14,0,14:42:17:402,14:42:07:477,14:48:14:959,False,0,123,6,0,14:42:53:021,14:42:53:672,650,True,False,,,,,,
20250616-0041,20250616,True,CUG 41,0,14:42:07:477,17,0,14:42:23:175,14:42:08:944,14,0,14:42:17:402,14:42:07:477,14:48:14:959,False,0,123,6,0,14:42:58:226,14:42:58:744,516,True,False,,,,,,
20250616-0041,20250616,True,CUG 41,0,14:42:07:477,17,0,14:42:23:175,14:42:08:944,14,0,14:42:17:402,14:42:07:477,14:48:14:959,False,0,123,6,0,14:43:03:198,14:43:06:519,3319,False,True,,,,,,
20250616-0041,20250616,True,CUG 41,0,14:42:07:477,17,0,14:42:23:175,14:42:08:944,14,0,14:42:17:402,14:42:07:477,14:48:14:959,False,0,123,6,0,14:43:14:059,14:43:18:714,4654,False,True,,,,,,
20250616-0041,20250616,True,CUG 41,0,14:42:07:477,17,0,14:42:23:175,14:42:08:944,14,0,14:42:17:402,14:42:07:477,14:48:14:959,False,0,123,9,1,14:43:26:004,14:43:30:441,4437,True,False,,,,,,
20250616-0041,20250616,True,CUG 41,0,14:42:07:477,17,0,14:42:23:175,14:42:08:944,14,0,14:42:17:402,14:42:07:477,14:48:14:959,False,0,123,9,1,14:43:36:414,14:44:16:320,39906,True,False,,,,,,
20250616-0041,20250616,True,CUG 41,0,14:42:07:477,17,0,14:42:23:175,14:42:08:944,14,0,14:42:17:402,14:42:07:477,14:48:14:959,False,0,123,9,1,14:44:21:125,14:45:22:120,60994,False,True,,,,,,
20250616-0041,20250616,True,CUG 41,0,14:42:07:477,17,0,14:42:23:175,14:42:08:944,14,0,14:42:17:402,14:42:07:477,14:48:14:959,False,0,123,9,1,14:45:35:733,14:45:50:865,15131,True,False,,,,,,
20250616-0041,20250616,True,CUG 41,0,14:42:07:477,17,0,14:42:23:175,14:42:08:944,14,0,14:42:17:402,14:42:07:477,14:48:14:959,False,0,123,9,1,14:45:57:955,14:46:54:329,56373,False,True,,,,,,
20250616-0041,20250616,True,CUG 41,0,14:42:07:477,17,0,14:42:23:175,14:42:08:944,14,0,14:42:17:402,14:42:07:477,14:48:14:959,False,0,123,11,2,14:47:13:764,14:48:06:166,52402,True,False,,,,,,
20250616-0042,20250616,True,CUG 42,0,14:50:02:116,87,1,14:50:28:709,14:50:09:290,10,1,14:50:24:305,14:50:01:899,14:53:12:273,False,1,123,,,,,,,,,
20250616-0042,20250616,True,CUG 42,0,14:50:02:116,87,1,14:50:28:709,14:50:09:290,10,1,14:50:24:305,14:50:01:899,14:53:12:273,False,1,123,1,0,14:50:36:182,14:50:39:703,3520,True,False,,,,,,
20250616-0042,20250616,True,CUG 42,0,14:50:02:116,87,1,14:50:28:709,14:50:09:290,10,1,14:50:24:305,14:50:01:899,14:53:12:273,False,1,123,1,0,14:50:45:458,14:53:04:480,139021,False,True,,,,,,
20250616-0043,20250616,True,CUG 43,0,14:54:01:787,100,2,14:54:05:925,14:53:40:466,13,2,14:53:57:350,14:53:40:466,14:59:23:842,False,0,123,,,,,,,,,
20250616-0043,20250616,True,CUG 43,0,14:54:01:787,100,2,14:54:05:925,14:53:40:466,13,2,14:53:57:350,14:53:40:466,14:59:23:842,False,0,123,3,0,14:54:13:299,14:54:31:750,18451,True,False,,,,,,
20250616-0043,20250616,True,CUG 43,0,14:54:01:787,100,2,14:54:05:925,14:53:40:466,13,2,14:53:57:350,14:53:40:466,14:59:23:842,False,0,123,3,0,14:54:37:273,14:54:40:926,3653,True,False,,,,,,
20250616-0043,20250616,True,CUG 43,0,14:54:01:787,100,2,14:54:05:925,14:53:40:466,13,2,14:53:57:350,14:53:40:466,14:59:23:842,False,0,123,3,0,14:54:45:598,14:55:02:315,16716,False,True,,,,,,
20250616-0043,20250616,True,CUG 43,0,14:54:01:787,100,2,14:54:05:925,14:53:40:466,13,2,14:53:57:350,14:53:40:466,14:59:23:842,False,0,123,3,0,14:55:07:986,14:55:17:314,9325,False,True,,,,,,
20250616-0043,20250616,True,CUG 43,0,14:54:01:787,100,2,14:54:05:925,14:53:40:466,13,2,14:53:57:350,14:53:40:466,14:59:23:842,False,0,123,3,0,14:55:29:275,14:55:30:226,950,True,False,,,,,,
20250616-0043,20250616,True,CUG 43,0,14:54:01:787,100,2,14:54:05:925,14:53:40:466,13,2,14:53:57:350,14:53:40:466,14:59:23:842,False,0,123,3,0,14:55:34:813,14:55:41:003,6189,True,False,,,,,,
20250616-0043,20250616,True,CUG 43,0,14:54:01:787,100,2,14:54:05:925,14:53:40:466,13,2,14:53:57:350,14:53:40:466,14:59:23:842,False,0,123,3,0,14:55:45:424,14:55:46:492,1067,True,False,,,,,,
20250616-0043,20250616,True,CUG 43,0,14:54:01:787,100,2,14:54:05:925,14:53:40:466,13,2,14:53:57:350,14:53:40:466,14:59:23:842,False,0,123,3,0,14:55:51:163,14:55:54:300,3136,True,False,,,,,,
20250616-0043,20250616,True,CUG 43,0,14:54:01:787,100,2,14:54:05:925,14:53:40:466,13,2,14:53:57:350,14:53:40:466,14:59:23:842,False,0,123,3,0,14:55:59:922,14:56:05:961,6039,True,False,,,,,,
20250616-0043,20250616,True,CUG 43,0,14:54:01:787,100,2,14:54:05:925,14:53:40:466,13,2,14:53:57:350,14:53:40:466,14:59:23:842,False,0,123,3,0,14:56:12:067,14:56:15:671,3603,True,False,,,,,,
20250616-0043,20250616,True,CUG 43,0,14:54:01:787,100,2,14:54:05:925,14:53:40:466,13,2,14:53:57:350,14:53:40:466,14:59:23:842,False,0,123,3,0,14:56:20:009,14:56:21:576,1568,True,False,,,,,,
20250616-0043,20250616,True,CUG 43,0,14:54:01:787,100,2,14:54:05:925,14:53:40:466,13,2,14:53:57:350,14:53:40:466,14:59:23:842,False,0,123,3,0,14:56:26:064,14:56:30:218,4153,True,False,,,,,,
20250616-0043,20250616,True,CUG 43,0,14:54:01:787,100,2,14:54:05:925,14:53:40:466,13,2,14:53:57:350,14:53:40:466,14:59:23:842,False,0,123,3,0,14:56:35:625,14:56:45:183,9559,True,False,,,,,,
20250616-0043,20250616,True,CUG 43,0,14:54:01:787,100,2,14:54:05:925,14:53:40:466,13,2,14:53:57:350,14:53:40:466,14:59:23:842,False,0,123,3,0,14:56:51:456,14:56:52:308,850,True,False,,,,,,
20250616-0043,20250616,True,CUG 43,0,14:54:01:787,100,2,14:54:05:925,14:53:40:466,13,2,14:53:57:350,14:53:40:466,14:59:23:842,False,0,123,3,0,14:56:56:862,14:57:05:120,8258,True,False,,,,,,
20250616-0043,20250616,True,CUG 43,0,14:54:01:787,100,2,14:54:05:925,14:53:40:466,13,2,14:53:57:350,14:53:40:466,14:59:23:842,False,0,123,3,0,14:57:09:741,14:57:16:916,7173,False,True,,,,,,
20250616-0043,20250616,True,CUG 43,0,14:54:01:787,100,2,14:54:05:925,14:53:40:466,13,2,14:53:57:350,14:53:40:466,14:59:23:842,False,0,123,8,1,14:57:27:292,14:57:40:272,12979,True,False,,,,,,
20250616-0043,20250616,True,CUG 43,0,14:54:01:787,100,2,14:54:05:925,14:53:40:466,13,2,14:53:57:350,14:53:40:466,14:59:23:842,False,0,123,8,1,14:57:45:461,14:57:49:931,4470,True,False,,,,,,
20250616-0043,20250616,True,CUG 43,0,14:54:01:787,100,2,14:54:05:925,14:53:40:466,13,2,14:53:57:350,14:53:40:466,14:59:23:842,False,0,123,8,1,14:57:55:186,14:58:14:790,19602,True,False,,,,,,
20250616-0043,20250616,True,CUG 43,0,14:54:01:787,100,2,14:54:05:925,14:53:40:466,13,2,14:53:57:350,14:53:40:466,14:59:23:842,False,0,123,8,1,14:58:22:063,14:58:34:492,12428,True,False,,,,,,
20250616-0043,20250616,True,CUG 43,0,14:54:01:787,100,2,14:54:05:925,14:53:40:466,13,2,14:53:57:350,14:53:40:466,14:59:23:842,False,0,123,8,1,14:58:39:747,14:59:19:571,39823,True,False,,,,,,
20250616-0044,20250616,True,CUG 44,0,14:59:31:766,9,1,14:59:49:918,14:59:31:066,10,1,14:59:49:067,14:59:31:066,15:10:57:050,True,1,123,,,,,,,,,
20250616-0044,20250616,True,CUG 44,0,14:59:31:766,9,1,14:59:49:918,14:59:31:066,10,1,14:59:49:067,14:59:31:066,15:10:57:050,True,1,123,7,0,14:59:57:258,14:59:58:426,1167,True,False,,,,,,
20250616-0044,20250616,True,CUG 44,0,14:59:31:766,9,1,14:59:49:918,14:59:31:066,10,1,14:59:49:067,14:59:31:066,15:10:57:050,True,1,123,7,0,15:00:06:300,15:02:07:172,120870,False,True,,,,,,
20250616-0044,20250616,True,CUG 44,0,14:59:31:766,9,1,14:59:49:918,14:59:31:066,10,1,14:59:49:067,14:59:31:066,15:10:57:050,True,1,123,8,1,15:02:32:212,15:03:17:392,45178,False,True,,,,,,
20250616-0044,20250616,True,CUG 44,0,14:59:31:766,9,1,14:59:49:918,14:59:31:066,10,1,14:59:49:067,14:59:31:066,15:10:57:050,True,1,123,8,1,15:03:30:921,15:03:50:758,19836,False,True,,,,,,
20250616-0044,20250616,True,CUG 44,0,14:59:31:766,9,1,14:59:49:918,14:59:31:066,10,1,14:59:49:067,14:59:31:066,15:10:57:050,True,1,123,10,2,15:04:04:706,15:04:18:702,13996,True,False,,,,,,
20250616-0044,20250616,True,CUG 44,0,14:59:31:766,9,1,14:59:49:918,14:59:31:066,10,1,14:59:49:067,14:59:31:066,15:10:57:050,True,1,123,10,2,15:04:24:141,15:04:34:935,10793,True,False,,,,,,
20250616-0044,20250616,True,CUG 44,0,14:59:31:766,9,1,14:59:49:918,14:59:31:066,10,1,14:59:49:067,14:59:31:066,15:10:57:050,True,1,123,10,2,15:04:42:110,15:04:59:561,17450,True,False,,,,,,
20250616-0044,20250616,True,CUG 44,0,14:59:31:766,9,1,14:59:49:918,14:59:31:066,10,1,14:59:49:067,14:59:31:066,15:10:57:050,True,1,123,10,2,15:05:05:516,15:05:09:302,3787,True,False,,,,,,
20250616-0044,20250616,True,CUG 44,0,14:59:31:766,9,1,14:59:49:918,14:59:31:066,10,1,14:59:49:067,14:59:31:066,15:10:57:050,True,1,123,10,2,15:05:15:026,15:05:22:900,7874,True,False,,,,,,
20250616-0044,20250616,True,CUG 44,0,14:59:31:766,9,1,14:59:49:918,14:59:31:066,10,1,14:59:49:067,14:59:31:066,15:10:57:050,True,1,123,10,2,15:05:28:606,15:05:44:938,16332,True,False,,,,,,
20250616-0044,20250616,True,CUG 44,0,14:59:31:766,9,1,14:59:49:918,14:59:31:066,10,1,14:59:49:067,14:59:31:066,15:10:57:050,True,1,123,10,2,15:05:53:196,15:06:55:459,62261,True,False,,,,,,
20250616-0044,20250616,True,CUG 44,0,14:59:31:766,9,1,14:59:49:918,14:59:31:066,10,1,14:59:49:067,14:59:31:066,15:10:57:050,True,1,123,10,2,15:07:09:006,15:07:52:816,43809,False,True,,,,,,
20250616-0044,20250616,True,CUG 44,0,14:59:31:766,9,1,14:59:49:918,14:59:31:066,10,1,14:59:49:067,14:59:31:066,15:10:57:050,True,1,123,12,3,15:08:01:992,15:08:04:962,2969,True,False,,,,,,
20250616-0044,20250616,True,CUG 44,0,14:59:31:766,9,1,14:59:49:918,14:59:31:066,10,1,14:59:49:067,14:59:31:066,15:10:57:050,True,1,123,12,3,15:08:10:366,15:08:56:495,46129,True,False,,,,,,
20250616-0044,20250616,True,CUG 44,0,14:59:31:766,9,1,14:59:49:918,14:59:31:066,10,1,14:59:49:067,14:59:31:066,15:10:57:050,True,1,123,3,0,15:09:07:873,15:09:09:960,2085,True,False,,,,,,
20250616-0044,20250616,True,CUG 44,0,14:59:31:766,9,1,14:59:49:918,14:59:31:066,10,1,14:59:49:067,14:59:31:066,15:10:57:050,True,1,123,5,0,15:09:20:070,15:09:37:953,17884,True,False,,,,,,
20250616-0044,20250616,True,CUG 44,0,14:59:31:766,9,1,14:59:49:918,14:59:31:066,10,1,14:59:49:067,14:59:31:066,15:10:57:050,True,1,123,13,3,15:09:46:980,15:10:12:171,25191,True,False,,,,,,
20250616-0045,20250616,True,CUG 45,0,15:11:14:951,12,0,15:11:27:963,15:11:13:466,40,0,15:11:21:974,15:11:13:466,15:15:02:561,False,1,123,,,,,,,,,
20250616-0045,20250616,True,CUG 45,0,15:11:14:951,12,0,15:11:27:963,15:11:13:466,40,0,15:11:21:974,15:11:13:466,15:15:02:561,False,1,123,2,0,15:11:34:937,15:11:35:905,967,True,False,,,,,,
20250616-0045,20250616,True,CUG 45,0,15:11:14:951,12,0,15:11:27:963,15:11:13:466,40,0,15:11:21:974,15:11:13:466,15:15:02:561,False,1,123,2,0,15:11:41:793,15:12:20:499,38704,True,False,,,,,,
20250616-0045,20250616,True,CUG 45,0,15:11:14:951,12,0,15:11:27:963,15:11:13:466,40,0,15:11:21:974,15:11:13:466,15:15:02:561,False,1,123,2,0,15:12:32:427,15:12:38:767,6339,True,False,,,,,,
20250616-0045,20250616,True,CUG 45,0,15:11:14:951,12,0,15:11:27:963,15:11:13:466,40,0,15:11:21:974,15:11:13:466,15:15:02:561,False,1,123,2,0,15:12:43:688,15:13:37:527,53836,False,True,,,,,,
20250616-0045,20250616,True,CUG 45,0,15:11:14:951,12,0,15:11:27:963,15:11:13:466,40,0,15:11:21:974,15:11:13:466,15:15:02:561,False,1,123,2,0,15:13:52:040,15:14:18:818,26776,False,True,,,,,,
20250616-0045,20250616,True,CUG 45,0,15:11:14:951,12,0,15:11:27:963,15:11:13:466,40,0,15:11:21:974,15:11:13:466,15:15:02:561,False,1,123,2,0,15:14:27:726,15:14:30:529,2802,True,False,,,,,,
20250616-0045,20250616,True,CUG 45,0,15:11:14:951,12,0,15:11:27:963,15:11:13:466,40,0,15:11:21:974,15:11:13:466,15:15:02:561,False,1,123,2,0,15:14:35:283,15:14:54:754,19469,False,True,,,,,,
20250616-0046,20250616,True,CUG 46,0,15:16:40:975,13,1,15:16:50:401,15:16:59:978,12,1,15:17:09:471,15:16:40:975,15:22:42:737,True,0,123,,,,,,,,,
20250616-0046,20250616,True,CUG 46,0,15:16:40:975,13,1,15:16:50:401,15:16:59:978,12,1,15:17:09:471,15:16:40:975,15:22:42:737,True,0,123,7,0,15:17:17:144,15:17:20:347,3202,True,False,,,,,,
20250616-0046,20250616,True,CUG 46,0,15:16:40:975,13,1,15:16:50:401,15:16:59:978,12,1,15:17:09:471,15:16:40:975,15:22:42:737,True,0,123,7,0,15:17:27:588,15:18:28:967,61377,False,True,,,,,,
20250616-0046,20250616,True,CUG 46,0,15:16:40:975,13,1,15:16:50:401,15:16:59:978,12,1,15:17:09:471,15:16:40:975,15:22:42:737,True,0,123,7,0,15:18:39:476,15:19:25:722,46245,False,True,,,,,,
20250616-0046,20250616,True,CUG 46,0,15:16:40:975,13,1,15:16:50:401,15:16:59:978,12,1,15:17:09:471,15:16:40:975,15:22:42:737,True,0,123,8,1,15:19:33:096,15:20:32:022,58925,False,True,,,,,,
20250616-0046,20250616,True,CUG 46,0,15:16:40:975,13,1,15:16:50:401,15:16:59:978,12,1,15:17:09:471,15:16:40:975,15:22:42:737,True,0,123,10,2,15:20:40:463,15:20:48:538,8074,True,False,,,,,,
20250616-0046,20250616,True,CUG 46,0,15:16:40:975,13,1,15:16:50:401,15:16:59:978,12,1,15:17:09:471,15:16:40:975,15:22:42:737,True,0,123,10,2,15:20:56:747,15:21:12:112,15365,False,True,,,,,,
20250616-0046,20250616,True,CUG 46,0,15:16:40:975,13,1,15:16:50:401,15:16:59:978,12,1,15:17:09:471,15:16:40:975,15:22:42:737,True,0,123,12,3,15:21:22:607,15:22:27:037,64430,False,True,,,,,,
20250616-0047,20250616,True,CUG 47,0,15:22:56:633,10,1,15:23:28:800,15:23:15:369,10,1,15:23:28:800,15:22:56:633,15:50:45:030,True,0,123,,,,,,,,,
20250616-0047,20250616,True,CUG 47,0,15:22:56:633,10,1,15:23:28:800,15:23:15:369,10,1,15:23:28:800,15:22:56:633,15:50:45:030,True,0,123,4,0,15:23:35:856,15:23:46:115,10260,True,False,,,,,,
20250616-0047,20250616,True,CUG 47,0,15:22:56:633,10,1,15:23:28:800,15:23:15:369,10,1,15:23:28:800,15:22:56:633,15:50:45:030,True,0,123,4,0,15:23:51:871,15:24:59:339,67466,False,True,,,,,,
20250616-0047,20250616,True,CUG 47,0,15:22:56:633,10,1,15:23:28:800,15:23:15:369,10,1,15:23:28:800,15:22:56:633,15:50:45:030,True,0,123,9,1,15:25:08:647,15:25:27:233,18585,True,False,,,,,,
20250616-0047,20250616,True,CUG 47,0,15:22:56:633,10,1,15:23:28:800,15:23:15:369,10,1,15:23:28:800,15:22:56:633,15:50:45:030,True,0,123,9,1,15:25:32:888,15:25:36:975,4087,True,False,,,,,,
20250616-0047,20250616,True,CUG 47,0,15:22:56:633,10,1,15:23:28:800,15:23:15:369,10,1,15:23:28:800,15:22:56:633,15:50:45:030,True,0,123,9,1,15:25:45:417,15:26:11:244,25825,True,False,,,,,,
20250616-0047,20250616,True,CUG 47,0,15:22:56:633,10,1,15:23:28:800,15:23:15:369,10,1,15:23:28:800,15:22:56:633,15:50:45:030,True,0,123,9,1,15:26:16:415,15:26:25:390,8975,True,False,,,,,,
20250616-0047,20250616,True,CUG 47,0,15:22:56:633,10,1,15:23:28:800,15:23:15:369,10,1,15:23:28:800,15:22:56:633,15:50:45:030,True,0,123,9,1,15:26:47:980,15:26:59:291,11311,True,False,,,,,,
20250616-0047,20250616,True,CUG 47,0,15:22:56:633,10,1,15:23:28:800,15:23:15:369,10,1,15:23:28:800,15:22:56:633,15:50:45:030,True,0,123,9,1,15:27:04:681,15:27:15:574,10894,True,False,,,,,,
20250616-0047,20250616,True,CUG 47,0,15:22:56:633,10,1,15:23:28:800,15:23:15:369,10,1,15:23:28:800,15:22:56:633,15:50:45:030,True,0,123,9,1,15:27:20:880,15:27:33:175,12295,True,False,,,,,,
20250616-0047,20250616,True,CUG 47,0,15:22:56:633,10,1,15:23:28:800,15:23:15:369,10,1,15:23:28:800,15:22:56:633,15:50:45:030,True,0,123,9,1,15:27:38:614,15:28:53:690,75074,True,False,,,,,,
20250616-0047,20250616,True,CUG 47,0,15:22:56:633,10,1,15:23:28:800,15:23:15:369,10,1,15:23:28:800,15:22:56:633,15:50:45:030,True,0,123,9,1,15:28:59:294,15:29:01:446,2151,True,False,,,,,,
20250616-0047,20250616,True,CUG 47,0,15:22:56:633,10,1,15:23:28:800,15:23:15:369,10,1,15:23:28:800,15:22:56:633,15:50:45:030,True,0,123,9,1,15:29:06:685,15:29:30:943,24257,False,True,,,,,,
20250616-0047,20250616,True,CUG 47,0,15:22:56:633,10,1,15:23:28:800,15:23:15:369,10,1,15:23:28:800,15:22:56:633,15:50:45:030,True,0,123,9,1,15:29:50:995,15:29:54:148,3153,True,False,,,,,,
20250616-0047,20250616,True,CUG 47,0,15:22:56:633,10,1,15:23:28:800,15:23:15:369,10,1,15:23:28:800,15:22:56:633,15:50:45:030,True,0,123,9,1,15:29:59:137,15:30:04:960,5822,True,False,,,,,,
20250616-0047,20250616,True,CUG 47,0,15:22:56:633,10,1,15:23:28:800,15:23:15:369,10,1,15:23:28:800,15:22:56:633,15:50:45:030,True,0,123,9,1,15:30:11:400,15:30:34:490,23089,False,True,,,,,,
20250616-0047,20250616,True,CUG 47,0,15:22:56:633,10,1,15:23:28:800,15:23:15:369,10,1,15:23:28:800,15:22:56:633,15:50:45:030,True,0,123,9,1,15:30:46:251,15:30:57:530,11277,True,False,,,,,,
20250616-0047,20250616,True,CUG 47,0,15:22:56:633,10,1,15:23:28:800,15:23:15:369,10,1,15:23:28:800,15:22:56:633,15:50:45:030,True,0,123,9,1,15:31:02:300,15:31:36:235,33933,False,True,,,,,,
20250616-0047,20250616,True,CUG 47,0,15:22:56:633,10,1,15:23:28:800,15:23:15:369,10,1,15:23:28:800,15:22:56:633,15:50:45:030,True,0,123,9,1,15:31:42:957,15:31:55:170,12211,True,False,,,,,,
20250616-0047,20250616,True,CUG 47,0,15:22:56:633,10,1,15:23:28:800,15:23:15:369,10,1,15:23:28:800,15:22:56:633,15:50:45:030,True,0,123,9,1,15:32:00:074,15:32:03:244,3169,True,False,,,,,,
20250616-0047,20250616,True,CUG 47,0,15:22:56:633,10,1,15:23:28:800,15:23:15:369,10,1,15:23:28:800,15:22:56:633,15:50:45:030,True,0,123,9,1,15:32:08:415,15:32:18:826,10410,True,False,,,,,,
20250616-0047,20250616,True,CUG 47,0,15:22:56:633,10,1,15:23:28:800,15:23:15:369,10,1,15:23:28:800,15:22:56:633,15:50:45:030,True,0,123,9,1,15:32:23:564,15:33:06:992,43426,False,True,,,,,,
20250616-0047,20250616,True,CUG 47,0,15:22:56:633,10,1,15:23:28:800,15:23:15:369,10,1,15:23:28:800,15:22:56:633,15:50:45:030,True,0,123,11,2,15:33:16:867,15:33:21:038,4170,True,False,,,,,,
20250616-0047,20250616,True,CUG 47,0,15:22:56:633,10,1,15:23:28:800,15:23:15:369,10,1,15:23:28:800,15:22:56:633,15:50:45:030,True,0,123,11,2,15:33:26:110,15:34:37:766,71654,False,True,,,,,,
20250616-0047,20250616,True,CUG 47,0,15:22:56:633,10,1,15:23:28:800,15:23:15:369,10,1,15:23:28:800,15:22:56:633,15:50:45:030,True,0,123,12,3,15:34:47:641,15:34:51:145,3503,True,False,,,,,,
20250616-0047,20250616,True,CUG 47,0,15:22:56:633,10,1,15:23:28:800,15:23:15:369,10,1,15:23:28:800,15:22:56:633,15:50:45:030,True,0,123,12,3,15:34:56:617,15:36:19:267,82648,False,True,,,,,,
20250616-0047,20250616,True,CUG 47,0,15:22:56:633,10,1,15:23:28:800,15:23:15:369,10,1,15:23:28:800,15:22:56:633,15:50:45:030,True,0,123,13,3,15:36:29:292,15:36:32:529,3236,True,False,,,,,,
20250616-0047,20250616,True,CUG 47,0,15:22:56:633,10,1,15:23:28:800,15:23:15:369,10,1,15:23:28:800,15:22:56:633,15:50:45:030,True,0,123,13,3,15:36:37:884,15:39:18:879,160993,False,True,,,,,,
20250616-0047,,,,,,,,,,,,,,,,,,13,,,,,,,15:37:39:729,1,,,,
20250616-0047,,,,,,,,,,,,,,,,,,13,,,,,,,15:37:41:664,0,,,,
20250616-0047,20250616,True,CUG 47,0,15:22:56:633,10,1,15:23:28:800,15:23:15:369,10,1,15:23:28:800,15:22:56:633,15:50:45:030,True,0,123,10,2,15:39:27:104,15:39:34:477,7373,True,False,,,,,,
20250616-0047,20250616,True,CUG 47,0,15:22:56:633,10,1,15:23:28:800,15:23:15:369,10,1,15:23:28:800,15:22:56:633,15:50:45:030,True,0,123,3,0,15:39:41:451,15:40:08:494,27043,True,False,,,,,,
20250616-0047,20250616,True,CUG 47,0,15:22:56:633,10,1,15:23:28:800,15:23:15:369,10,1,15:23:28:800,15:22:56:633,15:50:45:030,True,0,123,8,1,15:40:16:019,15:40:35:254,19235,True,False,,,,,,
20250616-0047,20250616,True,CUG 47,0,15:22:56:633,10,1,15:23:28:800,15:23:15:369,10,1,15:23:28:800,15:22:56:633,15:50:45:030,True,0,123,9,1,15:40:41:994,15:42:17:908,95912,False,True,,,,,,
20250616-0047,20250616,True,CUG 47,0,15:22:56:633,10,1,15:23:28:800,15:23:15:369,10,1,15:23:28:800,15:22:56:633,15:50:45:030,True,0,123,9,1,15:42:54:042,15:43:42:158,48114,False,True,,,,,,
20250616-0047,20250616,True,CUG 47,0,15:22:56:633,10,1,15:23:28:800,15:23:15:369,10,1,15:23:28:800,15:22:56:633,15:50:45:030,True,0,123,9,1,15:43:52:517,15:44:28:420,35902,False,True,,,,,,
20250616-0047,20250616,True,CUG 47,0,15:22:56:633,10,1,15:23:28:800,15:23:15:369,10,1,15:23:28:800,15:22:56:633,15:50:45:030,True,0,123,9,1,15:44:34:426,15:44:58:835,24407,False,True,,,,,,
20250616-0047,20250616,True,CUG 47,0,15:22:56:633,10,1,15:23:28:800,15:23:15:369,10,1,15:23:28:800,15:22:56:633,15:50:45:030,True,0,123,9,1,15:45:22:691,15:45:32:884,10193,True,False,,,,,,
20250616-0047,20250616,True,CUG 47,0,15:22:56:633,10,1,15:23:28:800,15:23:15:369,10,1,15:23:28:800,15:22:56:633,15:50:45:030,True,0,123,1,0,15:46:24:202,15:46:28:506,4303,True,False,,,,,,
20250616-0047,20250616,True,CUG 47,0,15:22:56:633,10,1,15:23:28:800,15:23:15:369,10,1,15:23:28:800,15:22:56:633,15:50:45:030,True,0,123,2,0,15:46:35:213,15:46:37:249,2035,True,False,,,,,,
20250616-0047,20250616,True,CUG 47,0,15:22:56:633,10,1,15:23:28:800,15:23:15:369,10,1,15:23:28:800,15:22:56:633,15:50:45:030,True,0,123,2,0,15:46:46:375,15:47:17:438,31064,True,False,,,,,,
20250616-0047,20250616,True,CUG 47,0,15:22:56:633,10,1,15:23:28:800,15:23:15:369,10,1,15:23:28:800,15:22:56:633,15:50:45:030,True,0,123,2,0,15:47:29:317,15:47:57:912,28594,True,False,,,,,,
20250616-0047,20250616,True,CUG 47,0,15:22:56:633,10,1,15:23:28:800,15:23:15:369,10,1,15:23:28:800,15:22:56:633,15:50:45:030,True,0,123,2,0,15:48:03:251,15:50:34:985,151734,False,True,,,,,,
20250616-0048,20250616,True,CUG 48,0,15:54:39:613,16,1,15:55:04:087,15:54:38:728,18,1,15:55:03:804,15:51:25:253,16:00:19:552,True,1,123,,,,,,,,,
20250616-0048,20250616,True,CUG 48,0,15:54:39:613,16,1,15:55:04:087,15:54:38:728,18,1,15:55:03:804,15:51:25:253,16:00:19:552,True,1,123,4,0,15:55:11:594,15:55:12:061,467,True,False,,,,,,
20250616-0048,20250616,True,CUG 48,0,15:54:39:613,16,1,15:55:04:087,15:54:38:728,18,1,15:55:03:804,15:51:25:253,16:00:19:552,True,1,123,4,0,15:55:17:900,15:55:24:524,6622,True,False,,,,,,
20250616-0048,20250616,True,CUG 48,0,15:54:39:613,16,1,15:55:04:087,15:54:38:728,18,1,15:55:03:804,15:51:25:253,16:00:19:552,True,1,123,4,0,15:55:29:278,15:56:18:395,49115,False,True,,,,,,
20250616-0048,20250616,True,CUG 48,0,15:54:39:613,16,1,15:55:04:087,15:54:38:728,18,1,15:55:03:804,15:51:25:253,16:00:19:552,True,1,123,9,1,15:56:26:285,15:57:26:663,60376,False,True,,,,,,
20250616-0048,20250616,True,CUG 48,0,15:54:39:613,16,1,15:55:04:087,15:54:38:728,18,1,15:55:03:804,15:51:25:253,16:00:19:552,True,1,123,10,2,15:57:36:306,15:57:50:203,13897,True,False,,,,,,
20250616-0048,20250616,True,CUG 48,0,15:54:39:613,16,1,15:55:04:087,15:54:38:728,18,1,15:55:03:804,15:51:25:253,16:00:19:552,True,1,123,10,2,15:57:55:540,15:58:00:763,5221,True,False,,,,,,
20250616-0048,20250616,True,CUG 48,0,15:54:39:613,16,1,15:55:04:087,15:54:38:728,18,1,15:55:03:804,15:51:25:253,16:00:19:552,True,1,123,10,2,15:58:08:136,15:58:10:522,2385,True,False,,,,,,
20250616-0048,20250616,True,CUG 48,0,15:54:39:613,16,1,15:55:04:087,15:54:38:728,18,1,15:55:03:804,15:51:25:253,16:00:19:552,True,1,123,10,2,15:58:15:895,15:58:19:398,3503,True,False,,,,,,
20250616-0048,20250616,True,CUG 48,0,15:54:39:613,16,1,15:55:04:087,15:54:38:728,18,1,15:55:03:804,15:51:25:253,16:00:19:552,True,1,123,10,2,15:58:26:289,15:58:30:726,4437,True,False,,,,,,
20250616-0048,20250616,True,CUG 48,0,15:54:39:613,16,1,15:55:04:087,15:54:38:728,18,1,15:55:03:804,15:51:25:253,16:00:19:552,True,1,123,10,2,15:58:36:950,15:58:48:543,11594,True,False,,,,,,
20250616-0048,20250616,True,CUG 48,0,15:54:39:613,16,1,15:55:04:087,15:54:38:728,18,1,15:55:03:804,15:51:25:253,16:00:19:552,True,1,123,10,2,15:58:55:769,15:58:59:588,3820,True,False,,,,,,
20250616-0048,20250616,True,CUG 48,0,15:54:39:613,16,1,15:55:04:087,15:54:38:728,18,1,15:55:03:804,15:51:25:253,16:00:19:552,True,1,123,10,2,15:59:08:514,15:59:21:244,12729,True,False,,,,,,
20250616-0048,20250616,True,CUG 48,0,15:54:39:613,16,1,15:55:04:087,15:54:38:728,18,1,15:55:03:804,15:51:25:253,16:00:19:552,True,1,123,10,2,15:59:26:365,15:59:34:640,8274,True,False,,,,,,
20250616-0048,20250616,True,CUG 48,0,15:54:39:613,16,1,15:55:04:087,15:54:38:728,18,1,15:55:03:804,15:51:25:253,16:00:19:552,True,1,123,10,2,15:59:43:214,16:00:10:393,27177,False,True,,,,,,
20250616-0049,20250616,True,CUG 49,0,16:00:29:461,100,1,16:00:39:488,16:00:26:458,100,1,16:00:31:463,16:00:26:458,16:02:25:144,False,0,123,,,,,,,,,
20250616-0049,20250616,True,CUG 49,0,16:00:29:461,100,1,16:00:39:488,16:00:26:458,100,1,16:00:31:463,16:00:26:458,16:02:25:144,False,0,123,6,0,16:00:45:961,16:00:50:082,4120,True,False,,,,,,
20250616-0049,20250616,True,CUG 49,0,16:00:29:461,100,1,16:00:39:488,16:00:26:458,100,1,16:00:31:463,16:00:26:458,16:02:25:144,False,0,123,6,0,16:00:55:303,16:01:17:676,22371,True,False,,,,,,
20250616-0049,,,,,,,,,,,,,,,,,,6,,,,,,,16:01:16:892,1,,,,
20250616-0049,,,,,,,,,,,,,,,,,,6,,,,,,,16:01:17:259,0,,,,
20250616-0049,,,,,,,,,,,,,,,,,,6,,,,,,,16:01:17:275,1,,,,
20250616-0049,20250616,True,CUG 49,0,16:00:29:461,100,1,16:00:39:488,16:00:26:458,100,1,16:00:31:463,16:00:26:458,16:02:25:144,False,0,123,6,0,16:01:22:147,16:01:48:674,26526,False,True,,,,,,
20250616-0049,20250616,True,CUG 49,0,16:00:29:461,100,1,16:00:39:488,16:00:26:458,100,1,16:00:31:463,16:00:26:458,16:02:25:144,False,0,123,6,0,16:01:53:428,16:01:54:262,834,True,False,,,,,,
20250616-0049,20250616,True,CUG 49,0,16:00:29:461,100,1,16:00:39:488,16:00:26:458,100,1,16:00:31:463,16:00:26:458,16:02:25:144,False,0,123,6,0,16:01:59:500,16:02:07:593,8091,False,True,,,,,,
20250616-0049,20250616,True,CUG 49,0,16:00:29:461,100,1,16:00:39:488,16:00:26:458,100,1,16:00:31:463,16:00:26:458,16:02:25:144,False,0,123,8,1,16:02:15:650,16:02:21:557,5956,True,False,,,,,,
20250616-0050,20250616,True,CUG 50,0,16:02:31:216,100,1,16:02:36:905,16:02:29:831,0,2,16:02:35:304,16:02:29:831,16:07:05:755,False,2,123,,,,,,,,,
20250616-0050,20250616,True,CUG 50,0,16:02:31:216,100,1,16:02:36:905,16:02:29:831,0,2,16:02:35:304,16:02:29:831,16:07:05:755,False,2,123,4,0,16:02:43:010,16:02:47:699,4687,True,False,,,,,,
20250616-0050,20250616,True,CUG 50,0,16:02:31:216,100,1,16:02:36:905,16:02:29:831,0,2,16:02:35:304,16:02:29:831,16:07:05:755,False,2,123,4,0,16:02:52:737,16:02:53:204,467,True,False,,,,,,
20250616-0050,20250616,True,CUG 50,0,16:02:31:216,100,1,16:02:36:905,16:02:29:831,0,2,16:02:35:304,16:02:29:831,16:07:05:755,False,2,123,4,0,16:02:59:326,16:03:05:667,6339,True,False,,,,,,
20250616-0050,20250616,True,CUG 50,0,16:02:31:216,100,1,16:02:36:905,16:02:29:831,0,2,16:02:35:304,16:02:29:831,16:07:05:755,False,2,123,4,0,16:04:08:562,16:05:52:683,104120,True,False,,,,,,
20250616-0051,20250616,True,CUG 51,0,16:08:46:106,15,1,16:09:00:288,16:08:44:737,15,1,16:08:58:369,16:08:44:737,16:11:24:081,False,0,123,,,,,,,,,
20250616-0051,20250616,True,CUG 51,0,16:08:46:106,15,1,16:09:00:288,16:08:44:737,15,1,16:08:58:369,16:08:44:737,16:11:24:081,False,0,123,1,0,16:09:06:626,16:09:41:744,35118,True,False,,,,,,
20250616-0051,20250616,True,CUG 51,0,16:08:46:106,15,1,16:09:00:288,16:08:44:737,15,1,16:08:58:369,16:08:44:737,16:11:24:081,False,0,123,1,0,16:09:46:899,16:10:34:965,48064,False,True,,,,,,
20250616-0051,20250616,True,CUG 51,0,16:08:46:106,15,1,16:09:00:288,16:08:44:737,15,1,16:08:58:369,16:08:44:737,16:11:24:081,False,0,123,1,0,16:10:40:119,16:11:16:723,36602,True,False,,,,,,
20250616-0052,20250616,True,CUG 52,0,16:11:44:383,29,3,16:11:52:642,16:11:38:879,30,3,16:11:53:542,16:11:38:879,16:13:14:641,False,1,123,,,,,,,,,
20250616-0052,20250616,True,CUG 52,0,16:11:44:383,29,3,16:11:52:642,16:11:38:879,30,3,16:11:53:542,16:11:38:879,16:13:14:641,False,1,123,6,0,16:12:07:873,16:12:13:096,5221,False,True,,,,,,
20250616-0052,20250616,True,CUG 52,0,16:11:44:383,29,3,16:11:52:642,16:11:38:879,30,3,16:11:53:542,16:11:38:879,16:13:14:641,False,1,123,8,1,16:12:29:928,,0,False,False,,,,,,
20250616-0053,20250616,True,CUG 53,0,16:13:20:413,28,3,16:13:24:250,16:13:21:063,30,3,16:13:26:469,16:13:20:413,16:16:07:864,False,2,123,,,,,,,,,
20250616-0053,20250616,True,CUG 53,0,16:13:20:413,28,3,16:13:24:250,16:13:21:063,30,3,16:13:26:469,16:13:20:413,16:16:07:864,False,2,123,4,0,16:13:33:442,16:13:34:160,717,True,False,,,,,,
20250616-0053,20250616,True,CUG 53,0,16:13:20:413,28,3,16:13:24:250,16:13:21:063,30,3,16:13:26:469,16:13:20:413,16:16:07:864,False,2,123,4,0,16:13:39:298,16:13:44:673,5372,False,True,,,,,,
20250616-0053,20250616,True,CUG 53,0,16:13:20:413,28,3,16:13:24:250,16:13:21:063,30,3,16:13:26:469,16:13:20:413,16:16:07:864,False,2,123,9,1,16:14:00:519,,0,False,False,,,,,,
20250616-0054,20250616,True,CUG 54,0,16:17:06:789,38,0,16:17:11:226,16:16:41:380,52,0,16:16:53:742,16:16:41:380,16:17:31:662,False,0,123,,,,,,,,,
20250616-0054,20250616,True,CUG 54,0,16:17:06:789,38,0,16:17:11:226,16:16:41:380,52,0,16:16:53:742,16:16:41:380,16:17:31:662,False,0,123,4,0,16:17:18:533,16:17:22:554,4020,True,False,,,,,,
20250616-0055,20250616,True,CUG 55,0,16:19:36:804,15,2,16:19:51:603,16:19:39:473,16,1,16:19:49:617,16:19:36:804,16:20:26:504,False,0,123,,,,,,,,,
20250616-0055,20250616,True,CUG 55,0,16:19:36:804,15,2,16:19:51:603,16:19:39:473,16,1,16:19:49:617,16:19:36:804,16:20:26:504,False,0,123,7,0,16:19:59:410,16:20:05:736,6322,False,True,,,,,,
20250616-0055,20250616,True,CUG 55,0,16:19:36:804,15,2,16:19:51:603,16:19:39:473,16,1,16:19:49:617,16:19:36:804,16:20:26:504,False,0,123,7,0,16:20:14:291,16:20:14:876,583,True,False,,,,,,
20250616-0055,20250616,True,CUG 55,0,16:19:36:804,15,2,16:19:51:603,16:19:39:473,16,1,16:19:49:617,16:19:36:804,16:20:26:504,False,0,123,7,0,16:20:20:814,16:20:23:501,2685,True,False,,,,,,
20250616-0056,20250616,True,CUG 56,0,16:20:32:327,15,1,16:20:37:014,16:20:31:510,16,1,16:20:38:348,16:20:31:510,16:23:05:095,True,0,123,,,,,,,,,
20250616-0056,20250616,True,CUG 56,0,16:20:32:327,15,1,16:20:37:014,16:20:31:510,16,1,16:20:38:348,16:20:31:510,16:23:05:095,True,0,123,1,0,16:20:49:844,16:21:11:733,21888,False,True,,,,,,
20250616-0056,20250616,True,CUG 56,0,16:20:32:327,15,1,16:20:37:014,16:20:31:510,16,1,16:20:38:348,16:20:31:510,16:23:05:095,True,0,123,8,1,16:21:20:124,16:21:36:140,16015,False,True,,,,,,
20250616-0056,20250616,True,CUG 56,0,16:20:32:327,15,1,16:20:37:014,16:20:31:510,16,1,16:20:38:348,16:20:31:510,16:23:05:095,True,0,123,8,1,16:21:42:546,16:21:49:938,7390,True,False,,,,,,
20250616-0056,20250616,True,CUG 56,0,16:20:32:327,15,1,16:20:37:014,16:20:31:510,16,1,16:20:38:348,16:20:31:510,16:23:05:095,True,0,123,8,1,16:21:56:460,16:22:07:472,11010,False,True,,,,,,
20250616-0056,20250616,True,CUG 56,0,16:20:32:327,15,1,16:20:37:014,16:20:31:510,16,1,16:20:38:348,16:20:31:510,16:23:05:095,True,0,123,10,2,16:22:20:901,16:22:30:962,10059,False,True,,,,,,
20250616-0056,20250616,True,CUG 56,0,16:20:32:327,15,1,16:20:37:014,16:20:31:510,16,1,16:20:38:348,16:20:31:510,16:23:05:095,True,0,123,10,2,16:22:38:501,16:22:44:375,5872,False,True,,,,,,
20250616-0056,20250616,True,CUG 56,0,16:20:32:327,15,1,16:20:37:014,16:20:31:510,16,1,16:20:38:348,16:20:31:510,16:23:05:095,True,0,123,10,2,16:22:50:481,16:22:55:570,5088,False,True,,,,,,
20250616-0057,20250616,True,CUG 57,0,16:23:11:268,100,1,16:23:15:940,16:23:09:400,0,1,16:23:16:557,16:23:09:400,16:25:10:386,False,1,123,,,,,,,,,
20250616-0057,20250616,True,CUG 57,0,16:23:11:268,100,1,16:23:15:940,16:23:09:400,0,1,16:23:16:557,16:23:09:400,16:25:10:386,False,1,123,4,0,16:23:22:946,16:23:23:563,617,True,False,,,,,,
20250616-0057,20250616,True,CUG 57,0,16:23:11:268,100,1,16:23:15:940,16:23:09:400,0,1,16:23:16:557,16:23:09:400,16:25:10:386,False,1,123,4,0,16:23:28:518,16:23:28:952,433,True,False,,,,,,
20250616-0057,20250616,True,CUG 57,0,16:23:11:268,100,1,16:23:15:940,16:23:09:400,0,1,16:23:16:557,16:23:09:400,16:25:10:386,False,1,123,4,0,16:23:33:723,16:23:34:991,1267,True,False,,,,,,
20250616-0057,20250616,True,CUG 57,0,16:23:11:268,100,1,16:23:15:940,16:23:09:400,0,1,16:23:16:557,16:23:09:400,16:25:10:386,False,1,123,4,0,16:23:39:496,16:23:41:498,2001,True,False,,,,,,
20250616-0057,20250616,True,CUG 57,0,16:23:11:268,100,1,16:23:15:940,16:23:09:400,0,1,16:23:16:557,16:23:09:400,16:25:10:386,False,1,123,4,0,16:23:49:823,16:24:16:883,27060,False,True,,,,,,
20250616-0057,20250616,True,CUG 57,0,16:23:11:268,100,1,16:23:15:940,16:23:09:400,0,1,16:23:16:557,16:23:09:400,16:25:10:386,False,1,123,4,0,16:24:22:472,16:24:29:429,6956,True,False,,,,,,
20250616-0057,20250616,True,CUG 57,0,16:23:11:268,100,1,16:23:15:940,16:23:09:400,0,1,16:23:16:557,16:23:09:400,16:25:10:386,False,1,123,4,0,16:24:35:401,16:25:08:168,32765,True,False,,,,,,
20250616-0058,20250616,True,CUG 58,0,16:25:22:014,100,1,16:25:35:645,16:25:25:218,0,1,16:25:33:509,16:25:22:014,16:35:53:862,True,0,123,,,,,,,,,
20250616-0058,20250616,True,CUG 58,0,16:25:22:014,100,1,16:25:35:645,16:25:25:218,0,1,16:25:33:509,16:25:22:014,16:35:53:862,True,0,123,1,0,16:25:42:802,16:26:15:252,32448,False,True,,,,,,
20250616-0058,20250616,True,CUG 58,0,16:25:22:014,100,1,16:25:35:645,16:25:25:218,0,1,16:25:33:509,16:25:22:014,16:35:53:862,True,0,123,1,0,16:26:40:242,16:26:53:390,13146,True,False,,,,,,
20250616-0058,20250616,True,CUG 58,0,16:25:22:014,100,1,16:25:35:645,16:25:25:218,0,1,16:25:33:509,16:25:22:014,16:35:53:862,True,0,123,1,0,16:26:58:794,16:27:04:183,5388,True,False,,,,,,
20250616-0058,20250616,True,CUG 58,0,16:25:22:014,100,1,16:25:35:645,16:25:25:218,0,1,16:25:33:509,16:25:22:014,16:35:53:862,True,0,123,1,0,16:27:09:355,16:27:12:509,3153,True,False,,,,,,
20250616-0058,20250616,True,CUG 58,0,16:25:22:014,100,1,16:25:35:645,16:25:25:218,0,1,16:25:33:509,16:25:22:014,16:35:53:862,True,0,123,1,0,16:27:21:000,16:27:32:829,11828,False,True,,,,,,
20250616-0058,20250616,True,CUG 58,0,16:25:22:014,100,1,16:25:35:645,16:25:25:218,0,1,16:25:33:509,16:25:22:014,16:35:53:862,True,0,123,9,1,16:27:59:388,16:28:21:027,21638,False,True,,,,,,
20250616-0058,20250616,True,CUG 58,0,16:25:22:014,100,1,16:25:35:645,16:25:25:218,0,1,16:25:33:509,16:25:22:014,16:35:53:862,True,0,123,10,2,16:28:40:913,16:28:53:059,12145,False,True,,,,,,
20250616-0058,20250616,True,CUG 58,0,16:25:22:014,100,1,16:25:35:645,16:25:25:218,0,1,16:25:33:509,16:25:22:014,16:35:53:862,True,0,123,13,3,16:29:06:840,16:29:48:764,41925,True,False,,,,,,
20250616-0058,20250616,True,CUG 58,0,16:25:22:014,100,1,16:25:35:645,16:25:25:218,0,1,16:25:33:509,16:25:22:014,16:35:53:862,True,0,123,12,3,16:30:01:276,16:30:16:543,15265,False,True,,,,,,
20250616-0058,20250616,True,CUG 58,0,16:25:22:014,100,1,16:25:35:645,16:25:25:218,0,1,16:25:33:509,16:25:22:014,16:35:53:862,True,0,123,12,3,16:30:31:673,16:30:43:269,11594,False,True,,,,,,
20250616-0058,20250616,True,CUG 58,0,16:25:22:014,100,1,16:25:35:645,16:25:25:218,0,1,16:25:33:509,16:25:22:014,16:35:53:862,True,0,123,11,2,16:30:52:594,16:30:55:197,2602,True,False,,,,,,
20250616-0058,20250616,True,CUG 58,0,16:25:22:014,100,1,16:25:35:645,16:25:25:218,0,1,16:25:33:509,16:25:22:014,16:35:53:862,True,0,123,11,2,16:31:01:387,16:31:22:174,20787,True,False,,,,,,
20250616-0058,20250616,True,CUG 58,0,16:25:22:014,100,1,16:25:35:645,16:25:25:218,0,1,16:25:33:509,16:25:22:014,16:35:53:862,True,0,123,13,3,16:31:35:004,16:31:36:605,1601,True,False,,,,,,
20250616-0058,20250616,True,CUG 58,0,16:25:22:014,100,1,16:25:35:645,16:25:25:218,0,1,16:25:33:509,16:25:22:014,16:35:53:862,True,0,123,13,3,16:31:41:777,16:31:42:861,1084,True,False,,,,,,
20250616-0058,20250616,True,CUG 58,0,16:25:22:014,100,1,16:25:35:645,16:25:25:218,0,1,16:25:33:509,16:25:22:014,16:35:53:862,True,0,123,13,3,16:31:48:166,16:31:50:051,1885,True,False,,,,,,
20250616-0058,20250616,True,CUG 58,0,16:25:22:014,100,1,16:25:35:645,16:25:25:218,0,1,16:25:33:509,16:25:22:014,16:35:53:862,True,0,123,13,3,16:31:55:557,16:32:35:449,39889,False,True,,,,,,
20250616-0058,20250616,True,CUG 58,0,16:25:22:014,100,1,16:25:35:645,16:25:25:218,0,1,16:25:33:509,16:25:22:014,16:35:53:862,True,0,123,4,0,16:33:10:632,16:33:17:271,6639,True,False,,,,,,
20250616-0058,20250616,True,CUG 58,0,16:25:22:014,100,1,16:25:35:645,16:25:25:218,0,1,16:25:33:509,16:25:22:014,16:35:53:862,True,0,123,4,0,16:33:23:127,16:34:09:240,46112,False,True,,,,,,
20250616-0058,20250616,True,CUG 58,0,16:25:22:014,100,1,16:25:35:645,16:25:25:218,0,1,16:25:33:509,16:25:22:014,16:35:53:862,True,0,123,8,1,16:34:19:434,16:34:46:360,26926,True,False,,,,,,
20250616-0058,20250616,True,CUG 58,0,16:25:22:014,100,1,16:25:35:645,16:25:25:218,0,1,16:25:33:509,16:25:22:014,16:35:53:862,True,0,123,8,1,16:34:57:838,16:35:43:450,45611,True,False,,,,,,
20250616-0059,20250616,True,CUG 59,0,16:36:03:220,13,3,16:36:13:948,16:36:18:236,13,3,16:36:29:297,16:36:03:220,16:38:22:860,False,0,123,,,,,,,,,
20250616-0059,20250616,True,CUG 59,0,16:36:03:220,13,3,16:36:13:948,16:36:18:236,13,3,16:36:29:297,16:36:03:220,16:38:22:860,False,0,123,6,0,16:36:36:821,16:37:03:047,26225,True,False,,,,,,
20250616-0059,20250616,True,CUG 59,0,16:36:03:220,13,3,16:36:13:948,16:36:18:236,13,3,16:36:29:297,16:36:03:220,16:38:22:860,False,0,123,6,0,16:37:09:770,16:37:44:771,35001,False,True,,,,,,
20250616-0059,20250616,True,CUG 59,0,16:36:03:220,13,3,16:36:13:948,16:36:18:236,13,3,16:36:29:297,16:36:03:220,16:38:22:860,False,0,123,9,1,16:37:53:147,16:38:20:707,27561,True,False,,,,,,
20250616-0060,20250616,True,CUG 60,0,16:39:46:326,100,1,16:39:51:331,16:39:14:829,100,1,16:39:35:064,16:39:14:829,16:43:22:608,False,0,123,,,,,,,,,
20250616-0060,20250616,True,CUG 60,0,16:39:46:326,100,1,16:39:51:331,16:39:14:829,100,1,16:39:35:064,16:39:14:829,16:43:22:608,False,0,123,7,0,16:39:58:555,16:40:03:443,4887,True,False,,,,,,
20250616-0060,20250616,True,CUG 60,0,16:39:46:326,100,1,16:39:51:331,16:39:14:829,100,1,16:39:35:064,16:39:14:829,16:43:22:608,False,0,123,7,0,16:40:08:732,16:40:26:833,18101,False,True,,,,,,
20250616-0060,20250616,True,CUG 60,0,16:39:46:326,100,1,16:39:51:331,16:39:14:829,100,1,16:39:35:064,16:39:14:829,16:43:22:608,False,0,123,9,1,16:40:41:247,16:41:00:533,19286,True,False,,,,,,
20250616-0060,20250616,True,CUG 60,0,16:39:46:326,100,1,16:39:51:331,16:39:14:829,100,1,16:39:35:064,16:39:14:829,16:43:22:608,False,0,123,9,1,16:41:05:705,16:41:08:374,2669,True,False,,,,,,
20250616-0060,20250616,True,CUG 60,0,16:39:46:326,100,1,16:39:51:331,16:39:14:829,100,1,16:39:35:064,16:39:14:829,16:43:22:608,False,0,123,9,1,16:41:13:613,16:41:40:958,27343,False,True,,,,,,
20250616-0060,20250616,True,CUG 60,0,16:39:46:326,100,1,16:39:51:331,16:39:14:829,100,1,16:39:35:064,16:39:14:829,16:43:22:608,False,0,123,9,1,16:41:57:323,16:42:36:096,38771,False,True,,,,,,
20250616-0060,20250616,True,CUG 60,0,16:39:46:326,100,1,16:39:51:331,16:39:14:829,100,1,16:39:35:064,16:39:14:829,16:43:22:608,False,0,123,9,1,16:43:00:269,16:43:21:306,21037,True,False,,,,,,
20250616-0061,20250616,True,CUG 61,0,16:43:27:614,0,1,16:43:33:636,16:43:28:081,100,3,16:43:34:136,16:43:27:614,16:43:47:750,False,1,123,,,,,,,,,
20250616-0061,20250616,True,CUG 61,0,16:43:27:614,0,1,16:43:33:636,16:43:28:081,100,3,16:43:34:136,16:43:27:614,16:43:47:750,False,1,123,3,0,16:43:42:144,,0,False,False,,,,,,
20250616-0062,20250616,True,CUG 62,0,16:43:53:022,0,2,16:43:58:278,16:43:51:637,0,3,16:43:55:525,16:43:51:637,16:50:34:222,False,2,123,,,,,,,,,
20250616-0062,20250616,True,CUG 62,0,16:43:53:022,0,2,16:43:58:278,16:43:51:637,0,3,16:43:55:525,16:43:51:637,16:50:34:222,False,2,123,6,0,16:44:04:766,16:44:06:201,1434,True,False,,,,,,
20250616-0062,20250616,True,CUG 62,0,16:43:53:022,0,2,16:43:58:278,16:43:51:637,0,3,16:43:55:525,16:43:51:637,16:50:34:222,False,2,123,6,0,16:44:11:523,16:44:16:863,5338,False,True,,,,,,
20250616-0062,20250616,True,CUG 62,0,16:43:53:022,0,2,16:43:58:278,16:43:51:637,0,3,16:43:55:525,16:43:51:637,16:50:34:222,False,2,123,6,0,16:44:32:060,16:44:32:378,316,True,False,,,,,,
20250616-0062,20250616,True,CUG 62,0,16:43:53:022,0,2,16:43:58:278,16:43:51:637,0,3,16:43:55:525,16:43:51:637,16:50:34:222,False,2,123,6,0,16:44:37:533,16:44:38:167,633,True,False,,,,,,
20250616-0062,20250616,True,CUG 62,0,16:43:53:022,0,2,16:43:58:278,16:43:51:637,0,3,16:43:55:525,16:43:51:637,16:50:34:222,False,2,123,6,0,16:44:42:537,16:44:47:160,4620,False,True,,,,,,
20250616-0062,20250616,True,CUG 62,0,16:43:53:022,0,2,16:43:58:278,16:43:51:637,0,3,16:43:55:525,16:43:51:637,16:50:34:222,False,2,123,6,0,16:44:53:949,16:44:57:203,3253,False,True,,,,,,
20250616-0062,20250616,True,CUG 62,0,16:43:53:022,0,2,16:43:58:278,16:43:51:637,0,3,16:43:55:525,16:43:51:637,16:50:34:222,False,2,123,6,0,16:45:05:644,16:45:08:280,2635,False,True,,,,,,
20250616-0062,20250616,True,CUG 62,0,16:43:53:022,0,2,16:43:58:278,16:43:51:637,0,3,16:43:55:525,16:43:51:637,16:50:34:222,False,2,123,6,0,16:45:14:536,16:45:20:593,6055,False,True,,,,,,
20250616-0062,20250616,True,CUG 62,0,16:43:53:022,0,2,16:43:58:278,16:43:51:637,0,3,16:43:55:525,16:43:51:637,16:50:34:222,False,2,123,9,1,16:45:29:718,16:45:50:423,20703,False,True,,,,,,
20250616-0062,20250616,True,CUG 62,0,16:43:53:022,0,2,16:43:58:278,16:43:51:637,0,3,16:43:55:525,16:43:51:637,16:50:34:222,False,2,123,9,1,16:45:57:763,16:46:23:022,25258,False,True,,,,,,
20250616-0062,20250616,True,CUG 62,0,16:43:53:022,0,2,16:43:58:278,16:43:51:637,0,3,16:43:55:525,16:43:51:637,16:50:34:222,False,2,123,9,1,16:46:28:627,16:46:56:388,27760,False,True,,,,,,
20250616-0062,20250616,True,CUG 62,0,16:43:53:022,0,2,16:43:58:278,16:43:51:637,0,3,16:43:55:525,16:43:51:637,16:50:34:222,False,2,123,9,1,16:47:03:311,16:47:11:470,8157,True,False,,,,,,
20250616-0062,20250616,True,CUG 62,0,16:43:53:022,0,2,16:43:58:278,16:43:51:637,0,3,16:43:55:525,16:43:51:637,16:50:34:222,False,2,123,9,1,16:47:16:908,16:47:39:965,23056,True,False,,,,,,
20250616-0062,20250616,True,CUG 62,0,16:43:53:022,0,2,16:43:58:278,16:43:51:637,0,3,16:43:55:525,16:43:51:637,16:50:34:222,False,2,123,9,1,16:47:45:487,16:48:06:508,21020,False,True,,,,,,
20250616-0063,20250616,True,CUG 63,0,16:54:44:754,15,1,16:55:01:755,16:54:31:925,15,1,16:54:42:786,16:54:31:925,16:59:02:394,True,0,123,,,,,,,,,
20250616-0063,20250616,True,CUG 63,0,16:54:44:754,15,1,16:55:01:755,16:54:31:925,15,1,16:54:42:786,16:54:31:925,16:59:02:394,True,0,123,7,0,16:55:10:480,16:55:46:067,35585,False,True,,,,,,
20250616-0063,20250616,True,CUG 63,0,16:54:44:754,15,1,16:55:01:755,16:54:31:925,15,1,16:54:42:786,16:54:31:925,16:59:02:394,True,0,123,8,1,16:55:55:358,16:56:32:244,36887,True,False,,,,,,
20250616-0063,20250616,True,CUG 63,0,16:54:44:754,15,1,16:55:01:755,16:54:31:925,15,1,16:54:42:786,16:54:31:925,16:59:02:394,True,0,123,8,1,16:56:37:833,16:56:39:652,1818,True,False,,,,,,
20250616-0063,20250616,True,CUG 63,0,16:54:44:754,15,1,16:55:01:755,16:54:31:925,15,1,16:54:42:786,16:54:31:925,16:59:02:394,True,0,123,8,1,16:56:45:875,16:57:28:785,42909,False,True,,,,,,
20250616-0063,20250616,True,CUG 63,0,16:54:44:754,15,1,16:55:01:755,16:54:31:925,15,1,16:54:42:786,16:54:31:925,16:59:02:394,True,0,123,10,2,16:57:37:110,16:57:58:248,21137,False,True,,,,,,
20250616-0063,20250616,True,CUG 63,0,16:54:44:754,15,1,16:55:01:755,16:54:31:925,15,1,16:54:42:786,16:54:31:925,16:59:02:394,True,0,123,12,3,16:58:08:123,16:58:31:914,23790,True,False,,,,,,
20250616-0063,20250616,True,CUG 63,0,16:54:44:754,15,1,16:55:01:755,16:54:31:925,15,1,16:54:42:786,16:54:31:925,16:59:02:394,True,0,123,13,3,16:58:39:539,16:59:00:160,20620,True,False,,,,,,
20250616-0064,20250616,True,CUG 64,0,16:59:21:447,100,1,16:59:36:545,16:59:24:450,100,3,16:59:42:035,16:59:21:447,17:04:08:250,True,0,123,,,,,,,,,
20250616-0064,20250616,True,CUG 64,0,16:59:21:447,100,1,16:59:36:545,16:59:24:450,100,3,16:59:42:035,16:59:21:447,17:04:08:250,True,0,123,3,0,16:59:52:194,17:00:22:191,29996,False,True,,,,,,
20250616-0064,20250616,True,CUG 64,0,16:59:21:447,100,1,16:59:36:545,16:59:24:450,100,3,16:59:42:035,16:59:21:447,17:04:08:250,True,0,123,8,1,17:00:29:916,17:01:17:663,47747,False,True,,,,,,
20250616-0064,20250616,True,CUG 64,0,16:59:21:447,100,1,16:59:36:545,16:59:24:450,100,3,16:59:42:035,16:59:21:447,17:04:08:250,True,0,123,10,2,17:01:24:821,17:01:30:258,5438,True,False,,,,,,
20250616-0064,20250616,True,CUG 64,0,16:59:21:447,100,1,16:59:36:545,16:59:24:450,100,3,16:59:42:035,16:59:21:447,17:04:08:250,True,0,123,10,2,17:01:35:931,17:01:49:695,13763,False,True,,,,,,
20250616-0064,20250616,True,CUG 64,0,16:59:21:447,100,1,16:59:36:545,16:59:24:450,100,3,16:59:42:035,16:59:21:447,17:04:08:250,True,0,123,13,3,17:02:00:305,17:04:05:430,125124,False,True,,,,,,
20250616-0065,20250616,True,CUG 65,1,17:04:30:989,14,0,17:04:41:182,17:04:29:854,40,0,17:04:42:850,17:04:29:854,17:13:48:194,True,0,123,,,,,,,,,
20250616-0065,20250616,True,CUG 65,1,17:04:30:989,14,0,17:04:41:182,17:04:29:854,40,0,17:04:42:850,17:04:29:854,17:13:48:194,True,0,123,2,0,17:04:54:145,17:04:56:948,2802,True,False,,,,,,
20250616-0065,20250616,True,CUG 65,1,17:04:30:989,14,0,17:04:41:182,17:04:29:854,40,0,17:04:42:850,17:04:29:854,17:13:48:194,True,0,123,2,0,17:05:01:869,17:05:35:404,33533,False,True,,,,,,
20250616-0065,20250616,True,CUG 65,1,17:04:30:989,14,0,17:04:41:182,17:04:29:854,40,0,17:04:42:850,17:04:29:854,17:13:48:194,True,0,123,2,0,17:05:47:665,17:05:49:617,1951,True,False,,,,,,
20250616-0065,20250616,True,CUG 65,1,17:04:30:989,14,0,17:04:41:182,17:04:29:854,40,0,17:04:42:850,17:04:29:854,17:13:48:194,True,0,123,2,0,17:05:54:289,17:06:00:060,5772,True,False,,,,,,
20250616-0065,20250616,True,CUG 65,1,17:04:30:989,14,0,17:04:41:182,17:04:29:854,40,0,17:04:42:850,17:04:29:854,17:13:48:194,True,0,123,2,0,17:06:04:982,17:06:11:221,6239,True,False,,,,,,
20250616-0065,20250616,True,CUG 65,1,17:04:30:989,14,0,17:04:41:182,17:04:29:854,40,0,17:04:42:850,17:04:29:854,17:13:48:194,True,0,123,2,0,17:06:16:177,17:06:22:466,6289,True,False,,,,,,
20250616-0065,20250616,True,CUG 65,1,17:04:30:989,14,0,17:04:41:182,17:04:29:854,40,0,17:04:42:850,17:04:29:854,17:13:48:194,True,0,123,2,0,17:06:27:555,17:06:28:540,984,True,False,,,,,,
20250616-0065,20250616,True,CUG 65,1,17:04:30:989,14,0,17:04:41:182,17:04:29:854,40,0,17:04:42:850,17:04:29:854,17:13:48:194,True,0,123,2,0,17:06:32:860,17:06:47:408,14547,False,True,,,,,,
20250616-0065,20250616,True,CUG 65,1,17:04:30:989,14,0,17:04:41:182,17:04:29:854,40,0,17:04:42:850,17:04:29:854,17:13:48:194,True,0,123,8,1,17:07:10:080,17:07:19:240,9158,True,False,,,,,,
20250616-0065,20250616,True,CUG 65,1,17:04:30:989,14,0,17:04:41:182,17:04:29:854,40,0,17:04:42:850,17:04:29:854,17:13:48:194,True,0,123,8,1,17:07:23:910,17:07:40:011,16099,False,True,,,,,,
20250616-0065,20250616,True,CUG 65,1,17:04:30:989,14,0,17:04:41:182,17:04:29:854,40,0,17:04:42:850,17:04:29:854,17:13:48:194,True,0,123,8,1,17:07:53:641,17:08:06:588,12946,False,True,,,,,,
20250616-0065,20250616,True,CUG 65,1,17:04:30:989,14,0,17:04:41:182,17:04:29:854,40,0,17:04:42:850,17:04:29:854,17:13:48:194,True,0,123,8,1,17:08:14:078,17:08:23:154,9075,False,True,,,,,,
20250616-0065,20250616,True,CUG 65,1,17:04:30:989,14,0,17:04:41:182,17:04:29:854,40,0,17:04:42:850,17:04:29:854,17:13:48:194,True,0,123,10,2,17:08:36:733,17:08:39:969,3236,True,False,,,,,,
20250616-0065,20250616,True,CUG 65,1,17:04:30:989,14,0,17:04:41:182,17:04:29:854,40,0,17:04:42:850,17:04:29:854,17:13:48:194,True,0,123,10,2,17:08:46:811,17:08:56:670,9859,False,True,,,,,,
20250616-0065,20250616,True,CUG 65,1,17:04:30:989,14,0,17:04:41:182,17:04:29:854,40,0,17:04:42:850,17:04:29:854,17:13:48:194,True,0,123,10,2,17:09:05:196,17:09:10:250,5054,False,True,,,,,,
20250616-0065,20250616,True,CUG 65,1,17:04:30:989,14,0,17:04:41:182,17:04:29:854,40,0,17:04:42:850,17:04:29:854,17:13:48:194,True,0,123,10,2,17:09:25:783,17:09:31:372,5588,False,True,,,,,,
20250616-0065,20250616,True,CUG 65,1,17:04:30:989,14,0,17:04:41:182,17:04:29:854,40,0,17:04:42:850,17:04:29:854,17:13:48:194,True,0,123,10,2,17:09:36:460,17:09:40:063,3603,True,False,,,,,,
20250616-0065,20250616,True,CUG 65,1,17:04:30:989,14,0,17:04:41:182,17:04:29:854,40,0,17:04:42:850,17:04:29:854,17:13:48:194,True,0,123,10,2,17:09:44:601,17:09:49:339,4737,False,True,,,,,,
20250616-0065,20250616,True,CUG 65,1,17:04:30:989,14,0,17:04:41:182,17:04:29:854,40,0,17:04:42:850,17:04:29:854,17:13:48:194,True,0,123,10,2,17:09:58:015,17:10:02:253,4237,False,True,,,,,,
20250616-0065,20250616,True,CUG 65,1,17:04:30:989,14,0,17:04:41:182,17:04:29:854,40,0,17:04:42:850,17:04:29:854,17:13:48:194,True,0,123,10,2,17:10:09:810,17:10:14:748,4937,False,True,,,,,,
20250616-0065,20250616,True,CUG 65,1,17:04:30:989,14,0,17:04:41:182,17:04:29:854,40,0,17:04:42:850,17:04:29:854,17:13:48:194,True,0,123,10,2,17:10:25:493,17:10:29:847,4354,False,True,,,,,,
20250616-0065,20250616,True,CUG 65,1,17:04:30:989,14,0,17:04:41:182,17:04:29:854,40,0,17:04:42:850,17:04:29:854,17:13:48:194,True,0,123,10,2,17:10:35:668,17:10:39:923,4254,False,True,,,,,,
20250616-0065,20250616,True,CUG 65,1,17:04:30:989,14,0,17:04:41:182,17:04:29:854,40,0,17:04:42:850,17:04:29:854,17:13:48:194,True,0,123,10,2,17:10:45:728,17:10:49:884,4154,False,True,,,,,,
20250616-0065,20250616,True,CUG 65,1,17:04:30:989,14,0,17:04:41:182,17:04:29:854,40,0,17:04:42:850,17:04:29:854,17:13:48:194,True,0,123,10,2,17:10:56:624,17:11:03:931,7307,False,True,,,,,,
20250616-0065,20250616,True,CUG 65,1,17:04:30:989,14,0,17:04:41:182,17:04:29:854,40,0,17:04:42:850,17:04:29:854,17:13:48:194,True,0,123,10,2,17:11:10:154,17:11:14:708,4554,False,True,,,,,,
20250616-0065,20250616,True,CUG 65,1,17:04:30:989,14,0,17:04:41:182,17:04:29:854,40,0,17:04:42:850,17:04:29:854,17:13:48:194,True,0,123,10,2,17:11:25:352,17:11:29:807,4454,False,True,,,,,,
20250616-0065,20250616,True,CUG 65,1,17:04:30:989,14,0,17:04:41:182,17:04:29:854,40,0,17:04:42:850,17:04:29:854,17:13:48:194,True,0,123,10,2,17:11:40:683,17:11:47:674,6990,False,True,,,,,,
20250616-0065,20250616,True,CUG 65,1,17:04:30:989,14,0,17:04:41:182,17:04:29:854,40,0,17:04:42:850,17:04:29:854,17:13:48:194,True,0,123,10,2,17:11:53:397,17:11:58:918,5522,True,False,,,,,,
20250616-0065,20250616,True,CUG 65,1,17:04:30:989,14,0,17:04:41:182,17:04:29:854,40,0,17:04:42:850,17:04:29:854,17:13:48:194,True,0,123,10,2,17:12:18:388,17:12:21:540,3153,True,False,,,,,,
20250616-0065,20250616,True,CUG 65,1,17:04:30:989,14,0,17:04:41:182,17:04:29:854,40,0,17:04:42:850,17:04:29:854,17:13:48:194,True,0,123,10,2,17:12:26:780,17:12:35:187,8408,True,False,,,,,,
20250616-0065,20250616,True,CUG 65,1,17:04:30:989,14,0,17:04:41:182,17:04:29:854,40,0,17:04:42:850,17:04:29:854,17:13:48:194,True,0,123,10,2,17:12:40:377,17:12:45:799,5422,False,True,,,,,,
20250616-0065,20250616,True,CUG 65,1,17:04:30:989,14,0,17:04:41:182,17:04:29:854,40,0,17:04:42:850,17:04:29:854,17:13:48:194,True,0,123,10,2,17:12:58:761,17:13:02:733,3970,True,False,,,,,,
20250616-0065,20250616,True,CUG 65,1,17:04:30:989,14,0,17:04:41:182,17:04:29:854,40,0,17:04:42:850,17:04:29:854,17:13:48:194,True,0,123,10,2,17:13:07:353,17:13:11:141,3787,False,True,,,,,,
20250616-0065,20250616,True,CUG 65,1,17:04:30:989,14,0,17:04:41:182,17:04:29:854,40,0,17:04:42:850,17:04:29:854,17:13:48:194,True,0,123,10,2,17:13:21:735,17:13:26:406,4671,False,True,,,,,,
20250616-0065,20250616,True,CUG 65,1,17:04:30:989,14,0,17:04:41:182,17:04:29:854,40,0,17:04:42:850,17:04:29:854,17:13:48:194,True,0,123,10,2,17:13:31:494,17:13:34:563,3069,True,False,,,,,,
20250616-0065,20250616,True,CUG 65,1,17:04:30:989,14,0,17:04:41:182,17:04:29:854,40,0,17:04:42:850,17:04:29:854,17:13:48:194,True,0,123,10,2,17:13:40:320,17:13:44:841,4521,False,True,,,,,,
20250616-0066,20250616,True,CUG 66,0,17:13:53:416,0,0,17:14:03:392,17:13:57:870,58,1,17:14:04:193,17:13:53:416,17:15:16:782,False,2,123,,,,,,,,,
20250616-0067,20250616,True,CUG 67,0,17:23:44:254,22,3,17:23:58:018,17:23:35:061,22,3,17:23:47:224,17:16:19:528,17:26:47:772,True,2,123,,,,,,,,,
20250616-0067,20250616,True,CUG 67,0,17:23:44:254,22,3,17:23:58:018,17:23:35:061,22,3,17:23:47:224,17:16:19:528,17:26:47:772,True,2,123,3,0,17:24:22:142,17:24:43:197,21054,False,True,,,,,,
20250616-0067,20250616,True,CUG 67,0,17:23:44:254,22,3,17:23:58:018,17:23:35:061,22,3,17:23:47:224,17:16:19:528,17:26:47:772,True,2,123,8,1,17:25:03:400,17:25:26:456,23056,True,False,,,,,,
20250616-0067,20250616,True,CUG 67,0,17:23:44:254,22,3,17:23:58:018,17:23:35:061,22,3,17:23:47:224,17:16:19:528,17:26:47:772,True,2,123,8,1,17:25:35:449,17:26:09:917,34467,False,True,,,,,,
20250616-0067,20250616,True,CUG 67,0,17:23:44:254,22,3,17:23:58:018,17:23:35:061,22,3,17:23:47:224,17:16:19:528,17:26:47:772,True,2,123,10,2,17:26:24:781,17:26:39:997,15215,False,True,,,,,,
20250616-0068,20250616,True,CUG 68,0,17:32:51:699,0,1,17:33:06:465,17:32:43:992,14,1,17:33:06:598,17:32:43:992,17:46:41:327,False,2,123,,,,,,,,,
20250616-0068,20250616,True,CUG 68,0,17:32:51:699,0,1,17:33:06:465,17:32:43:992,14,1,17:33:06:598,17:32:43:992,17:46:41:327,False,2,123,2,0,17:33:13:054,17:33:14:123,1067,True,False,,,,,,
20250616-0068,20250616,True,CUG 68,0,17:32:51:699,0,1,17:33:06:465,17:32:43:992,14,1,17:33:06:598,17:32:43:992,17:46:41:327,False,2,123,2,0,17:33:19:510,17:33:42:400,22889,True,False,,,,,,
20250616-0068,20250616,True,CUG 68,0,17:32:51:699,0,1,17:33:06:465,17:32:43:992,14,1,17:33:06:598,17:32:43:992,17:46:41:327,False,2,123,2,0,17:33:50:376,17:34:02:087,11711,True,False,,,,,,
20250616-0068,20250616,True,CUG 68,0,17:32:51:699,0,1,17:33:06:465,17:32:43:992,14,1,17:33:06:598,17:32:43:992,17:46:41:327,False,2,123,2,0,17:34:08:811,17:34:12:413,3653,True,False,,,,,,
20250616-0068,20250616,True,CUG 68,0,17:32:51:699,0,1,17:33:06:465,17:32:43:992,14,1,17:33:06:598,17:32:43:992,17:46:41:327,False,2,123,2,0,17:34:18:385,17:34:20:089,1701,True,False,,,,,,
20250616-0068,20250616,True,CUG 68,0,17:32:51:699,0,1,17:33:06:465,17:32:43:992,14,1,17:33:06:598,17:32:43:992,17:46:41:327,False,2,123,2,0,17:34:25:210,17:34:55:056,29846,False,True,,,,,,
20250616-0068,20250616,True,CUG 68,0,17:32:51:699,0,1,17:33:06:465,17:32:43:992,14,1,17:33:06:598,17:32:43:992,17:46:41:327,False,2,123,2,0,17:35:01:712,17:35:07:368,5655,True,False,,,,,,
20250616-0068,20250616,True,CUG 68,0,17:32:51:699,0,1,17:33:06:465,17:32:43:992,14,1,17:33:06:598,17:32:43:992,17:46:41:327,False,2,123,2,0,17:35:12:173,17:35:50:129,37954,False,True,,,,,,
20250616-0068,20250616,True,CUG 68,0,17:32:51:699,0,1,17:33:06:465,17:32:43:992,14,1,17:33:06:598,17:32:43:992,17:46:41:327,False,2,123,2,0,17:35:57:701,17:36:18:874,21170,False,True,,,,,,
20250616-0068,20250616,True,CUG 68,0,17:32:51:699,0,1,17:33:06:465,17:32:43:992,14,1,17:33:06:598,17:32:43:992,17:46:41:327,False,2,123,2,0,17:36:33:921,17:36:35:690,1768,True,False,,,,,,
20250616-0068,20250616,True,CUG 68,0,17:32:51:699,0,1,17:33:06:465,17:32:43:992,14,1,17:33:06:598,17:32:43:992,17:46:41:327,False,2,123,2,0,17:36:40:544,17:36:45:250,4704,True,False,,,,,,
20250616-0068,20250616,True,CUG 68,0,17:32:51:699,0,1,17:33:06:465,17:32:43:992,14,1,17:33:06:598,17:32:43:992,17:46:41:327,False,2,123,2,0,17:36:50:237,17:37:34:849,44610,False,True,,,,,,
20250616-0068,20250616,True,CUG 68,0,17:32:51:699,0,1,17:33:06:465,17:32:43:992,14,1,17:33:06:598,17:32:43:992,17:46:41:327,False,2,123,2,0,17:37:42:573,17:38:05:730,23156,False,True,,,,,,
20250616-0068,20250616,True,CUG 68,0,17:32:51:699,0,1,17:33:06:465,17:32:43:992,14,1,17:33:06:598,17:32:43:992,17:46:41:327,False,2,123,2,0,17:38:11:685,17:38:24:198,12512,True,False,,,,,,
20250616-0068,20250616,True,CUG 68,0,17:32:51:699,0,1,17:33:06:465,17:32:43:992,14,1,17:33:06:598,17:32:43:992,17:46:41:327,False,2,123,2,0,17:38:28:869,17:38:45:920,17050,True,False,,,,,,
20250616-0068,20250616,True,CUG 68,0,17:32:51:699,0,1,17:33:06:465,17:32:43:992,14,1,17:33:06:598,17:32:43:992,17:46:41:327,False,2,123,2,0,17:38:50:874,17:39:25:993,35118,True,False,,,,,,
20250616-0068,20250616,True,CUG 68,0,17:32:51:699,0,1,17:33:06:465,17:32:43:992,14,1,17:33:06:598,17:32:43:992,17:46:41:327,False,2,123,2,0,17:39:35:986,17:39:40:374,4387,True,False,,,,,,
20250616-0068,20250616,True,CUG 68,0,17:32:51:699,0,1,17:33:06:465,17:32:43:992,14,1,17:33:06:598,17:32:43:992,17:46:41:327,False,2,123,2,0,17:39:45:112,17:39:47:381,2268,True,False,,,,,,
20250616-0068,20250616,True,CUG 68,0,17:32:51:699,0,1,17:33:06:465,17:32:43:992,14,1,17:33:06:598,17:32:43:992,17:46:41:327,False,2,123,2,0,17:39:52:002,17:39:54:304,2302,True,False,,,,,,
20250616-0068,20250616,True,CUG 68,0,17:32:51:699,0,1,17:33:06:465,17:32:43:992,14,1,17:33:06:598,17:32:43:992,17:46:41:327,False,2,123,2,0,17:39:59:526,17:40:29:641,30113,False,True,,,,,,
20250616-0068,20250616,True,CUG 68,0,17:32:51:699,0,1,17:33:06:465,17:32:43:992,14,1,17:33:06:598,17:32:43:992,17:46:41:327,False,2,123,2,0,17:41:00:136,17:41:02:089,1951,True,False,,,,,,
20250616-0068,20250616,True,CUG 68,0,17:32:51:699,0,1,17:33:06:465,17:32:43:992,14,1,17:33:06:598,17:32:43:992,17:46:41:327,False,2,123,2,0,17:41:06:943,17:41:07:894,950,True,False,,,,,,
20250616-0068,20250616,True,CUG 68,0,17:32:51:699,0,1,17:33:06:465,17:32:43:992,14,1,17:33:06:598,17:32:43:992,17:46:41:327,False,2,123,2,0,17:41:12:632,17:41:17:871,5238,True,False,,,,,,
20250616-0068,20250616,True,CUG 68,0,17:32:51:699,0,1,17:33:06:465,17:32:43:992,14,1,17:33:06:598,17:32:43:992,17:46:41:327,False,2,123,2,0,17:41:24:327,17:41:31:268,6939,True,False,,,,,,
20250616-0068,20250616,True,CUG 68,0,17:32:51:699,0,1,17:33:06:465,17:32:43:992,14,1,17:33:06:598,17:32:43:992,17:46:41:327,False,2,123,2,0,17:41:45:298,17:42:08:254,22956,True,False,,,,,,
20250616-0068,20250616,True,CUG 68,0,17:32:51:699,0,1,17:33:06:465,17:32:43:992,14,1,17:33:06:598,17:32:43:992,17:46:41:327,False,2,123,2,0,17:42:14:311,17:42:21:217,6906,True,False,,,,,,
20250616-0068,20250616,True,CUG 68,0,17:32:51:699,0,1,17:33:06:465,17:32:43:992,14,1,17:33:06:598,17:32:43:992,17:46:41:327,False,2,123,2,0,17:42:26:322,17:43:08:815,42492,False,True,,,,,,
20250616-0068,20250616,True,CUG 68,0,17:32:51:699,0,1,17:33:06:465,17:32:43:992,14,1,17:33:06:598,17:32:43:992,17:46:41:327,False,2,123,2,0,17:43:27:567,17:43:33:390,5822,True,False,,,,,,
20250616-0068,20250616,True,CUG 68,0,17:32:51:699,0,1,17:33:06:465,17:32:43:992,14,1,17:33:06:598,17:32:43:992,17:46:41:327,False,2,123,2,0,17:43:38:411,17:43:42:982,4570,True,False,,,,,,
20250616-0068,20250616,True,CUG 68,0,17:32:51:699,0,1,17:33:06:465,17:32:43:992,14,1,17:33:06:598,17:32:43:992,17:46:41:327,False,2,123,2,0,17:43:49:238,17:44:33:784,44544,False,True,,,,,,
20250616-0068,20250616,True,CUG 68,0,17:32:51:699,0,1,17:33:06:465,17:32:43:992,14,1,17:33:06:598,17:32:43:992,17:46:41:327,False,2,123,2,0,17:44:43:175,17:45:28:238,45061,False,True,,,,,,
20250616-0069,20250616,True,CUG 69,0,17:47:18:830,24,1,17:47:31:844,17:47:25:487,98,1,17:47:37:066,17:47:18:830,18:02:18:160,True,2,123,,,,,,,,,
20250616-0069,20250616,True,CUG 69,0,17:47:18:830,24,1,17:47:31:844,17:47:25:487,98,1,17:47:37:066,17:47:18:830,18:02:18:160,True,2,123,3,0,17:47:44:306,17:47:47:275,2969,True,False,,,,,,
20250616-0069,20250616,True,CUG 69,0,17:47:18:830,24,1,17:47:31:844,17:47:25:487,98,1,17:47:37:066,17:47:18:830,18:02:18:160,True,2,123,3,0,17:47:53:965,17:48:12:751,18785,True,False,,,,,,
20250616-0069,20250616,True,CUG 69,0,17:47:18:830,24,1,17:47:31:844,17:47:25:487,98,1,17:47:37:066,17:47:18:830,18:02:18:160,True,2,123,3,0,17:48:20:242,17:48:22:895,2652,True,False,,,,,,
20250616-0069,20250616,True,CUG 69,0,17:47:18:830,24,1,17:47:31:844,17:47:25:487,98,1,17:47:37:066,17:47:18:830,18:02:18:160,True,2,123,3,0,17:48:27:532,17:48:29:885,2352,True,False,,,,,,
20250616-0069,20250616,True,CUG 69,0,17:47:18:830,24,1,17:47:31:844,17:47:25:487,98,1,17:47:37:066,17:47:18:830,18:02:18:160,True,2,123,3,0,17:48:35:674,17:48:36:091,417,True,False,,,,,,
20250616-0069,20250616,True,CUG 69,0,17:47:18:830,24,1,17:47:31:844,17:47:25:487,98,1,17:47:37:066,17:47:18:830,18:02:18:160,True,2,123,3,0,17:48:41:763,17:48:45:967,4204,True,False,,,,,,
20250616-0069,20250616,True,CUG 69,0,17:47:18:830,24,1,17:47:31:844,17:47:25:487,98,1,17:47:37:066,17:47:18:830,18:02:18:160,True,2,123,3,0,17:48:50:772,17:48:52:541,1768,True,False,,,,,,
20250616-0069,20250616,True,CUG 69,0,17:47:18:830,24,1,17:47:31:844,17:47:25:487,98,1,17:47:37:066,17:47:18:830,18:02:18:160,True,2,123,3,0,17:48:57:362,17:49:13:846,16482,False,True,,,,,,
20250616-0069,20250616,True,CUG 69,0,17:47:18:830,24,1,17:47:31:844,17:47:25:487,98,1,17:47:37:066,17:47:18:830,18:02:18:160,True,2,123,3,0,17:49:19:618,17:49:22:988,3369,True,False,,,,,,
20250616-0069,20250616,True,CUG 69,0,17:47:18:830,24,1,17:47:31:844,17:47:25:487,98,1,17:47:37:066,17:47:18:830,18:02:18:160,True,2,123,3,0,17:49:30:678,17:49:30:912,233,True,False,,,,,,
20250616-0069,20250616,True,CUG 69,0,17:47:18:830,24,1,17:47:31:844,17:47:25:487,98,1,17:47:37:066,17:47:18:830,18:02:18:160,True,2,123,3,0,17:49:35:483,17:49:36:351,867,True,False,,,,,,
20250616-0069,20250616,True,CUG 69,0,17:47:18:830,24,1,17:47:31:844,17:47:25:487,98,1,17:47:37:066,17:47:18:830,18:02:18:160,True,2,123,3,0,17:49:40:939,17:49:53:218,12278,True,False,,,,,,
20250616-0069,20250616,True,CUG 69,0,17:47:18:830,24,1,17:47:31:844,17:47:25:487,98,1,17:47:37:066,17:47:18:830,18:02:18:160,True,2,123,3,0,17:49:58:072,17:50:19:745,21671,False,True,,,,,,
20250616-0069,20250616,True,CUG 69,0,17:47:18:830,24,1,17:47:31:844,17:47:25:487,98,1,17:47:37:066,17:47:18:830,18:02:18:160,True,2,123,3,0,17:50:25:449,17:50:26:100,650,True,False,,,,,,
20250616-0069,20250616,True,CUG 69,0,17:47:18:830,24,1,17:47:31:844,17:47:25:487,98,1,17:47:37:066,17:47:18:830,18:02:18:160,True,2,123,3,0,17:50:30:622,17:50:47:840,17217,False,True,,,,,,
20250616-0069,20250616,True,CUG 69,0,17:47:18:830,24,1,17:47:31:844,17:47:25:487,98,1,17:47:37:066,17:47:18:830,18:02:18:160,True,2,123,3,0,17:50:53:695,17:51:03:222,9525,False,True,,,,,,
20250616-0069,20250616,True,CUG 69,0,17:47:18:830,24,1,17:47:31:844,17:47:25:487,98,1,17:47:37:066,17:47:18:830,18:02:18:160,True,2,123,3,0,17:51:08:660,17:51:11:946,3286,True,False,,,,,,
20250616-0069,20250616,True,CUG 69,0,17:47:18:830,24,1,17:47:31:844,17:47:25:487,98,1,17:47:37:066,17:47:18:830,18:02:18:160,True,2,123,3,0,17:51:16:435,17:51:19:237,2802,True,False,,,,,,
20250616-0069,20250616,True,CUG 69,0,17:47:18:830,24,1,17:47:31:844,17:47:25:487,98,1,17:47:37:066,17:47:18:830,18:02:18:160,True,2,123,3,0,17:51:23:808,17:51:33:051,9242,False,True,,,,,,
20250616-0069,20250616,True,CUG 69,0,17:47:18:830,24,1,17:47:31:844,17:47:25:487,98,1,17:47:37:066,17:47:18:830,18:02:18:160,True,2,123,3,0,17:51:38:189,17:51:40:508,2369,True,False,,,,,,
20250616-0069,20250616,True,CUG 69,0,17:47:18:830,24,1,17:47:31:844,17:47:25:487,98,1,17:47:37:066,17:47:18:830,18:02:18:160,True,2,123,3,0,17:51:45:180,17:51:49:050,3870,True,False,,,,,,
20250616-0069,20250616,True,CUG 69,0,17:47:18:830,24,1,17:47:31:844,17:47:25:487,98,1,17:47:37:066,17:47:18:830,18:02:18:160,True,2,123,3,0,17:51:53:437,17:52:01:029,7590,False,True,,,,,,
20250616-0069,20250616,True,CUG 69,0,17:47:18:830,24,1,17:47:31:844,17:47:25:487,98,1,17:47:37:066,17:47:18:830,18:02:18:160,True,2,123,3,0,17:52:06:317,17:52:12:540,6222,False,True,,,,,,
20250616-0069,20250616,True,CUG 69,0,17:47:18:830,24,1,17:47:31:844,17:47:25:487,98,1,17:47:37:066,17:47:18:830,18:02:18:160,True,2,123,3,0,17:52:20:481,17:52:22:350,1868,True,False,,,,,,
20250616-0069,20250616,True,CUG 69,0,17:47:18:830,24,1,17:47:31:844,17:47:25:487,98,1,17:47:37:066,17:47:18:830,18:02:18:160,True,2,123,3,0,17:52:26:737,17:52:27:838,1100,True,False,,,,,,
20250616-0069,20250616,True,CUG 69,0,17:47:18:830,24,1,17:47:31:844,17:47:25:487,98,1,17:47:37:066,17:47:18:830,18:02:18:160,True,2,123,3,0,17:52:32:210,17:52:36:063,3853,True,False,,,,,,
20250616-0069,20250616,True,CUG 69,0,17:47:18:830,24,1,17:47:31:844,17:47:25:487,98,1,17:47:37:066,17:47:18:830,18:02:18:160,True,2,123,3,0,17:52:40:785,17:52:44:105,3319,True,False,,,,,,
20250616-0069,20250616,True,CUG 69,0,17:47:18:830,24,1,17:47:31:844,17:47:25:487,98,1,17:47:37:066,17:47:18:830,18:02:18:160,True,2,123,3,0,17:52:48:826,17:52:50:811,1985,True,False,,,,,,
20250616-0069,20250616,True,CUG 69,0,17:47:18:830,24,1,17:47:31:844,17:47:25:487,98,1,17:47:37:066,17:47:18:830,18:02:18:160,True,2,123,3,0,17:52:55:199,17:52:58:420,3219,True,False,,,,,,
20250616-0069,20250616,True,CUG 69,0,17:47:18:830,24,1,17:47:31:844,17:47:25:487,98,1,17:47:37:066,17:47:18:830,18:02:18:160,True,2,123,3,0,17:53:02:923,17:53:06:361,3436,True,False,,,,,,
20250616-0069,20250616,True,CUG 69,0,17:47:18:830,24,1,17:47:31:844,17:47:25:487,98,1,17:47:37:066,17:47:18:830,18:02:18:160,True,2,123,3,0,17:53:10:915,17:53:15:286,4370,True,False,,,,,,
20250616-0069,20250616,True,CUG 69,0,17:47:18:830,24,1,17:47:31:844,17:47:25:487,98,1,17:47:37:066,17:47:18:830,18:02:18:160,True,2,123,3,0,17:53:19:590,17:53:27:899,8308,False,True,,,,,,
20250616-0069,20250616,True,CUG 69,0,17:47:18:830,24,1,17:47:31:844,17:47:25:487,98,1,17:47:37:066,17:47:18:830,18:02:18:160,True,2,123,3,0,17:53:32:853,17:53:34:371,1517,True,False,,,,,,
20250616-0069,20250616,True,CUG 69,0,17:47:18:830,24,1,17:47:31:844,17:47:25:487,98,1,17:47:37:066,17:47:18:830,18:02:18:160,True,2,123,3,0,17:53:38:859,17:53:41:028,2168,True,False,,,,,,
20250616-0069,20250616,True,CUG 69,0,17:47:18:830,24,1,17:47:31:844,17:47:25:487,98,1,17:47:37:066,17:47:18:830,18:02:18:160,True,2,123,3,0,17:53:45:466,17:53:47:718,2252,True,False,,,,,,
20250616-0069,20250616,True,CUG 69,0,17:47:18:830,24,1,17:47:31:844,17:47:25:487,98,1,17:47:37:066,17:47:18:830,18:02:18:160,True,2,123,3,0,17:53:51:989,17:53:56:945,4954,False,True,,,,,,
20250616-0069,20250616,True,CUG 69,0,17:47:18:830,24,1,17:47:31:844,17:47:25:487,98,1,17:47:37:066,17:47:18:830,18:02:18:160,True,2,123,8,1,17:54:11:075,17:54:21:134,10059,True,False,,,,,,
20250616-0069,20250616,True,CUG 69,0,17:47:18:830,24,1,17:47:31:844,17:47:25:487,98,1,17:47:37:066,17:47:18:830,18:02:18:160,True,2,123,8,1,17:54:26:206,17:54:33:730,7524,True,False,,,,,,
20250616-0069,20250616,True,CUG 69,0,17:47:18:830,24,1,17:47:31:844,17:47:25:487,98,1,17:47:37:066,17:47:18:830,18:02:18:160,True,2,123,8,1,17:54:38:569,17:55:01:708,23139,True,False,,,,,,
20250616-0069,20250616,True,CUG 69,0,17:47:18:830,24,1,17:47:31:844,17:47:25:487,98,1,17:47:37:066,17:47:18:830,18:02:18:160,True,2,123,8,1,17:55:07:915,17:55:16:240,8324,True,False,,,,,,
20250616-0069,20250616,True,CUG 69,0,17:47:18:830,24,1,17:47:31:844,17:47:25:487,98,1,17:47:37:066,17:47:18:830,18:02:18:160,True,2,123,8,1,17:55:20:911,17:55:29:953,9042,True,False,,,,,,
20250616-0069,20250616,True,CUG 69,0,17:47:18:830,24,1,17:47:31:844,17:47:25:487,98,1,17:47:37:066,17:47:18:830,18:02:18:160,True,2,123,8,1,17:55:35:342,17:55:36:510,1167,True,False,,,,,,
20250616-0069,20250616,True,CUG 69,0,17:47:18:830,24,1,17:47:31:844,17:47:25:487,98,1,17:47:37:066,17:47:18:830,18:02:18:160,True,2,123,8,1,17:55:41:581,17:55:59:083,17500,False,True,,,,,,
20250616-0069,20250616,True,CUG 69,0,17:47:18:830,24,1,17:47:31:844,17:47:25:487,98,1,17:47:37:066,17:47:18:830,18:02:18:160,True,2,123,10,2,17:56:06:706,17:56:11:928,5221,True,False,,,,,,
20250616-0069,20250616,True,CUG 69,0,17:47:18:830,24,1,17:47:31:844,17:47:25:487,98,1,17:47:37:066,17:47:18:830,18:02:18:160,True,2,123,10,2,17:56:17:284,17:56:35:369,18084,False,True,,,,,,
20250616-0069,20250616,True,CUG 69,0,17:47:18:830,24,1,17:47:31:844,17:47:25:487,98,1,17:47:37:066,17:47:18:830,18:02:18:160,True,2,123,10,2,17:56:40:857,17:56:43:426,2569,True,False,,,,,,
20250616-0069,20250616,True,CUG 69,0,17:47:18:830,24,1,17:47:31:844,17:47:25:487,98,1,17:47:37:066,17:47:18:830,18:02:18:160,True,2,123,10,2,17:56:48:748,17:56:53:704,4954,False,True,,,,,,
20250616-0069,20250616,True,CUG 69,0,17:47:18:830,24,1,17:47:31:844,17:47:25:487,98,1,17:47:37:066,17:47:18:830,18:02:18:160,True,2,123,10,2,17:56:59:176,17:57:03:464,4287,False,True,,,,,,
20250616-0069,20250616,True,CUG 69,0,17:47:18:830,24,1,17:47:31:844,17:47:25:487,98,1,17:47:37:066,17:47:18:830,18:02:18:160,True,2,123,10,2,17:57:09:420,17:57:14:308,4888,False,True,,,,,,
20250616-0069,20250616,True,CUG 69,0,17:47:18:830,24,1,17:47:31:844,17:47:25:487,98,1,17:47:37:066,17:47:18:830,18:02:18:160,True,2,123,10,2,17:57:19:796,17:57:23:583,3787,False,True,,,,,,
20250616-0069,20250616,True,CUG 69,0,17:47:18:830,24,1,17:47:31:844,17:47:25:487,98,1,17:47:37:066,17:47:18:830,18:02:18:160,True,2,123,10,2,17:57:29:756,17:57:32:743,2985,True,False,,,,,,
20250616-0069,20250616,True,CUG 69,0,17:47:18:830,24,1,17:47:31:844,17:47:25:487,98,1,17:47:37:066,17:47:18:830,18:02:18:160,True,2,123,10,2,17:57:37:781,17:57:45:639,7857,True,False,,,,,,
20250616-0069,20250616,True,CUG 69,0,17:47:18:830,24,1,17:47:31:844,17:47:25:487,98,1,17:47:37:066,17:47:18:830,18:02:18:160,True,2,123,10,2,17:57:51:194,17:57:56:633,5438,False,True,,,,,,
20250616-0069,20250616,True,CUG 69,0,17:47:18:830,24,1,17:47:31:844,17:47:25:487,98,1,17:47:37:066,17:47:18:830,18:02:18:160,True,2,123,10,2,17:58:01:905,17:58:06:777,4871,False,True,,,,,,
20250616-0069,20250616,True,CUG 69,0,17:47:18:830,24,1,17:47:31:844,17:47:25:487,98,1,17:47:37:066,17:47:18:830,18:02:18:160,True,2,123,10,2,17:58:12:132,17:58:16:270,4137,False,True,,,,,,
20250616-0069,20250616,True,CUG 69,0,17:47:18:830,24,1,17:47:31:844,17:47:25:487,98,1,17:47:37:066,17:47:18:830,18:02:18:160,True,2,123,10,2,17:58:21:525,17:58:25:162,3636,False,True,,,,,,
20250616-0069,20250616,True,CUG 69,0,17:47:18:830,24,1,17:47:31:844,17:47:25:487,98,1,17:47:37:066,17:47:18:830,18:02:18:160,True,2,123,10,2,17:58:32:419,17:58:35:604,3186,True,False,,,,,,
20250616-0069,20250616,True,CUG 69,0,17:47:18:830,24,1,17:47:31:844,17:47:25:487,98,1,17:47:37:066,17:47:18:830,18:02:18:160,True,2,123,10,2,17:58:40:393,17:58:44:648,4254,False,True,,,,,,
20250616-0069,20250616,True,CUG 69,0,17:47:18:830,24,1,17:47:31:844,17:47:25:487,98,1,17:47:37:066,17:47:18:830,18:02:18:160,True,2,123,10,2,17:58:49:351,17:58:53:974,4621,False,True,,,,,,
20250616-0069,20250616,True,CUG 69,0,17:47:18:830,24,1,17:47:31:844,17:47:25:487,98,1,17:47:37:066,17:47:18:830,18:02:18:160,True,2,123,10,2,17:58:58:662,17:59:03:817,5155,True,False,,,,,,
20250616-0069,20250616,True,CUG 69,0,17:47:18:830,24,1,17:47:31:844,17:47:25:487,98,1,17:47:37:066,17:47:18:830,18:02:18:160,True,2,123,10,2,17:59:08:956,17:59:13:060,4103,False,True,,,,,,
20250616-0069,20250616,True,CUG 69,0,17:47:18:830,24,1,17:47:31:844,17:47:25:487,98,1,17:47:37:066,17:47:18:830,18:02:18:160,True,2,123,10,2,17:59:17:847,17:59:22:086,4237,False,True,,,,,,
20250616-0069,20250616,True,CUG 69,0,17:47:18:830,24,1,17:47:31:844,17:47:25:487,98,1,17:47:37:066,17:47:18:830,18:02:18:160,True,2,123,10,2,17:59:26:839,17:59:30:227,3386,False,True,,,,,,
20250616-0069,20250616,True,CUG 69,0,17:47:18:830,24,1,17:47:31:844,17:47:25:487,98,1,17:47:37:066,17:47:18:830,18:02:18:160,True,2,123,10,2,17:59:38:384,17:59:41:656,3269,False,True,,,,,,
20250616-0069,20250616,True,CUG 69,0,17:47:18:830,24,1,17:47:31:844,17:47:25:487,98,1,17:47:37:066,17:47:18:830,18:02:18:160,True,2,123,2,0,18:00:05:578,18:00:21:977,16399,True,False,,,,,,
20250616-0069,20250616,True,CUG 69,0,17:47:18:830,24,1,17:47:31:844,17:47:25:487,98,1,17:47:37:066,17:47:18:830,18:02:18:160,True,2,123,2,0,18:00:30:820,18:01:05:405,34584,False,True,,,,,,
